Brand;Vehicle;Motorisation;Fuel;Start;End;Battery_AGM;Battery_EFB;Battery_Conventional
ALFA ROMEO;147 (937_);1.9 JTD, 1.9 JTD 16V, 1.9 JTDM, 1.9 JTDM 8V, 1.9 JTDM, 16V;Diesel;2001-04-01;2010-03-01;;F32;F7
ALFA ROMEO;147 (937_);1.6 16V T.SPARK, ECO;Petrole;2001-01-01;2010-03-01;;F30;F1
ALFA ROMEO;159 (939_) / 159 Sportwagon (939_);1.9 JTDM 16V, 1.9 JTDM 16V;Diesel;2005-09-01;2011-11-01;;F32;F7
ALFA ROMEO;GIULIETTA (940_);1.6 JTDM, 2.0 JTDM;Diesel;2010-04-01;;;F32;
ALFA ROMEO;GIULIETTA (940_);1.4 TB;Petrole;2010-04-01;;;F31;
ALFA ROMEO;GT (937_);1.9 JTD;Diesel;2003-11-01;2010-09-01;;F31;F4
ALFA ROMEO;MITO (955_);1.3 MultiJet, 1.6 JTDM;Diesel;2008-08-01;;;F31;F4
AUDI;A1;1.6 TDI;Diesel;2010-05-01;2015-04-01;F40;F32;F4
AUDI;A1, A1 Sportback;1.4 TDI, 1.6 TDI;Diesel;2011-03-01;2018-10-01;;F32;
AUDI;A1, A1 Sportback;1.2 TFSI;Petrole;2010-05-01;2015-04-01;F40;;
AUDI;A1, A1 Sportback;1.0 TFSI, 1.4 TFSI;Petrole;2010-05-01;2018-10-01;;F31;
AUDI;A3 (8L1), A3 Convertible (8P7), A3 Sportback (8PA);1.6 TDI, 1.9 TDI, 2.0 TDI quattro, 2.0 TDI 16V, 2.0 TDI 16V quattro;Diesel;1996-09-01;2013-03-01;F41;F32;F7
AUDI;A3, A3 Sportback;1.6 TDI, 1.6 TDI quattro, 2.0 TDI, 2.0 TDI quattro, 30 TDI (1.6);Diesel;2012-10-01;;;F32;
AUDI;A4 (8D2, B5), A4 Avant (8D5, B5), A4 Convertible (8H7, B6, 8HE, B7);1.9 TDI, 2.0 TDI 16V, 2.5 TDI, 2.5 TDI quattro;Diesel;1995-01-01;2015-12-01;F41;F32;F7
AUDI;A5 (8T3), A5 Sportback (8TA);2.7 TDI, 3.0 TDI quattro;Diesel;2007-06-01;2012-03-01;F44;FL1050;
AUDI;A6 (4B2, C5, 4F2, C6, 4G2, 4GC, C7), A6 Avant (4B5, C5, 4F5, C6);2.5 TDI, 2.5 TDI quattro, 2.7 TDI, 2.7 TDI quattro 3.0 TDI quattro;Diesel;1997-07-01;2018-09-01;F42;FL800;F12
AUDI;Q3 (8UB, 8UG), Q3 (F3B) (2.0);2.0 TDI, 2.0 TDI quattro, 35 TDI quattro;Diesel;2011-06-01;;;F32;
AUDI;Q5 (8RB);2.0 TDI quattro;Diesel;2008-11-01;;F44;;
AUDI;Q5 (8RB);2.0 TDI, 2.0 TDI quattro;Diesel;2012-06-01;;;F32;
AUDI;Q7 (4LB);3.0 TDI quattro;Diesel;2006-03-01;2015-08-01;F44;FL1050;
BMW;1 (E81);116 d, 118 d, 120 d;Diesel;2006-09-01;2011-12-01;F42;;
BMW;1 (E87);116 d, 118 d, 120 d;Diesel;2004-06-01;2011-06-01;F42;;
BMW;1 (F20);114 d, 116 d, 118 d, 120 d, 125d;Diesel;2011-07-01;2019-06-01;F42;;
BMW;1 (F21);114 d, 116 d, 120 d;Diesel;2011-12-01;;F42;;
BMW;2 Active Tourer (F45), 2 Coupe (F22, F87), 2 Gran Tourer (F46);214 d, 216 d, 218 d;Diesel;2014-07-01;;F42;;
BMW;3 (E36);325 td, 325 tds;Diesel;1991-09-01;1998-02-01;F43;FL1000;F10
BMW;3 (E46);318 d, 320 d;Diesel;1998-04-01;2005-05-01;F42;FL800;F12
BMW;3 (E46);330 d, 330 xd;Diesel;1999-10-01;2005-02-01;F43;FL1000;F10
BMW;3 (E90);318 d, 320 d;Diesel;2004-12-01;2011-10-01;F42;FL800;F12
BMW;3 (E90);316 d, 325 , 330 d, 330 xd;Diesel;2005-09-01;2011-12-01;F43;FL1000;F10
BMW;3 (F30, F80);316 d, 318 d, 320 d, 320 d xDrive;Diesel;2011-11-01;2018-10-01;F43;;
BMW;5 (E39);520 d, 525 d, 525 td, 530 d;Diesel;1997-01-01;2003-06-01;F43;FL1000;F10
BMW;5 (E60);525 d, 530 d;Diesel;2004-06-01;2010-03-01;F44;FL1050;
BMW;X1 (E84);sDrive 16 d, sDrive 18 d, sDrive 20 d, xDrive 18 d, xDrive 20 d;Diesel;2009-09-01;2015-06-01;F42;F32;F7
BMW;X3 (E83);2.0 D;Diesel;2004-09-01;2008-08-01;F42;FL800;F12
BMW;X3 (F25);xDrive 20 d;Diesel;2010-09-01;2014-03-01;F42;;
BMW;X5 (E53);3.0 D;Diesel;1999-12-01;2006-09-01;F43;FL1000;F10
BMW;X5 (E70);3.0 D, 3.0 sd, xDrive 30 d, xDrive 35 d, xDrive 40 d;Diesel;2007-02-01;2013-07-01;F43;FL1000;F10
FIAT;500 (312_);0.9, 1.2, 1.4;Petrole;2007-07-01;;;F31;
FIAT;500 (312_);1.3 D Multijet;Diesel;2007-10-01;;;F31;F1
FIAT;500 C (312_);0.9, 1.2, 1.4;Petrole;2009-09-01;;;F31;
FIAT;500L (351_, 352_);1.6 D Multijet;Diesel;2012-09-01;;;F32;
FIAT;500L (351_, 352_);0.9, 1.4;Petrol;2012-09-01;;;F31;
FIAT;500X (334_);1.6 D Multijet;Diesel;2014-09-01;;;F32;
FIAT;500X (334_);1.0, 1.4;Petrole;2014-09-01;;;F31;
FIAT;DOBLO Box Body / Estate (263_);1.3 D Multijet;Diesel;2010-02-01;;;F31;F4
FIAT;DOBLO Cargo (223_);1.3 D Multijet, 1.3 JTD 16V, 1.9, 1.9 JTD;Diesel;2001-03-01;2010-01-01;;F31;F4
FIAT;DOBLO MPV (119_, 223_);1.3 D Multijet, 1.3 JTD 16V, 1.9, 1.9 JTD;Diesel;2001-03-01;;;FL1000;F10
FIAT;DUCATO Box (230_);2.5 D, 2.5 TDI, 2.8 D, 2.8 D 4x4, 2.8 TDI;Diesel;1994-03-01;2002-04-01;;;F7
FIAT;DUCATO Box (244_);2.8 JTD, 2.8 JTD 4x4, 2.8 JTD Power, 2.8 TD;Diesel;2002-04-01;;;F10;
FIAT;DUCATO Box (244_);2.0 JTD, 2.3 JTD;Diesel;2002-04-01;;;F32;F7
FIAT;DUCATO Box (250_, 290_);100 Multijet 2,2 D, 120 Multijet 2,3 D, 160 Multijet 3.0 D, 180 Multijet 3.0 D;Diesel;2006-07-01;;;FL1050;
FIAT;DUCATO Box (250_, 290_);115 Multijet 2,0 D, 130 Multijet 2,3 D;Diesel;2006-07-01;;;F32;
FIAT;DUCATO Box (250_, 290_);150 Multijet 2,3 D, 160 Multijet 3,0 D;Diesel;2006-07-01;;;F43;FL1000
FIAT;DUCATO Bus (250_, 290_);100 Multijet 2,2 D, 120 Multijet 2,3 D, 160 Multijet 3.0 D, 180 Multijet 3.0 D;Diesel;2006-07-01;;;FL1050;
FIAT;DUCATO Platform/ Chassis (250_, 290_);100 Multijet 2,2 D, 120 Multijet 2,3 D, 160 Multijet 3.0 D, 180 Multijet 3.0 D;Diesel;2006-07-01;;;FL1050;
FIAT;DUCATO Platform/ Chassis (250_, 290_);115 Multijet 2.0 D, 130 Multijet 2.3 D;Diesel;2006-07-01;;;F32;F7
FIAT;GRANDE PUNTO (199_);1.4, 1.4 16V, 1.4 T-Jet;Petrole;2005-06-01;2015-12-01;;F30;F1
FIAT;MULTIPLA (186_);1.9 JTD, 1.9 JTD 105 , 1.9 JTD 110, 1.9 JTD 115;Diesel;1999-04-01;2010-06-01;;F32;F7
FIAT;PANDA (169_) | PANDA / PANDA CLASSIC;1.2 (169AXF2A, 169AXF1A);Petrole;2010-03-01;2013-08-01;;F31;F1
FIAT;PANDA (312_, 319_);0.9, 0.9 4x4 , 1.2;Petrole;2012-02-01;;;F31;F1
FIAT;PUNTO (188_);1.9 DS 60, 1.9 JTD, 1.9 JTD 80;Diesel;1999-09-01;2012-03-01;;F31;F4
FIAT;SCUDO Box (220_);1.9 D;Diesel;1996-02-01;2006-12-01;;F32;F7
FIAT;STILO (192_);1.9 JTD;Diesel;2001-10-01;2006-11-01;;F32;F7
FORD;C-MAX (DM2);1.8 TDCi, 2.0 TDCi;Diesel;2007-02-01;2010-09-01;;FL652;F8
FORD;ECOSPORT;1.0 EcoBoost;Petrole;2013-10-01;;;FL652;
FORD;FIESTA IV (JA_, JB_);1.8 D, 1.8 DI;Diesel;1995-08-01;2002-01-01;;;F6
FORD;FIESTA V (JH_, JD_);1.4 TDCi;Diesel;2001-11-01;2008-06-01;;;F6
FORD;FIESTA V (JH_, JD_);1.25 16V, 1.4 16V, 1.6 16V;Petrole;2001-11-01;2008-06-01;;;F3
FORD;FIESTA VI (CB1, CCN);1.4 TDCi, 1.5 TDCi;Diesel;2009-01-01;;;FL652;F6
FORD;FIESTA VI (CB1, CCN);1.0, 1.0 EcoBoost, 1.0 Sport, 1.6 Ti;Petrole;2008-06-01;;;FL652;F6
FORD;FIESTA VI (CB1, CCN);1.6 TDCi;Diesel;2010-02-01;;;FL652;F8
FORD;FIESTA VII;1.5 TDCi;Diesel;2010-08-01;;;FL652;F8
FORD;FOCUS (DAW, DBW);1.8 TDCi, 1.8 Turbo DI / TDDi;Diesel;1998-10-01;2004-11-01;;FL652;F8
FORD;FOCUS (DAW, DBW);1.4 16V, 1.6 16V, 1.8 16V;Petrole;1998-10-01;2004-11-01;;;F3
FORD;FOCUS C-MAX (DM2);1.6 TDCi, 1.8 TDCi, 2.0 TDCi;Diesel;2003-10-01;2007-03-01;;FL752;
FORD;FOCUS II (DA_, HCP, DP);1.6 TDCi, 1.8 TDCi, 2.0 TDCi;Diesel;2004-07-01;2012-09-01;;FL652;F8
FORD;FOCUS Turnier (DNW);1.8 TDCi, 1.8 Turbo DI / TDDi;Diesel;1999-02-01;2004-11-01;;FL652;F8
FORD;FUSION (JU_);1.4 TDCi, 1.6 TDCi;Diesel;2002-08-01;2012-12-01;;FL652;F8
FORD;FUSION (JU_);1.4, 1.6;Petrole;2002-08-01;2012-12-01;;;F3
FORD;GALAXY;1.9 TDI;Diesel;1995-03-01;2006-05-01;;FL1000;F10
FORD;KA (RB_) (WGR);1.3 i;Petrole;1996-09-01;2008-11-01;;;F3
FORD;KA (RU8);1.2;Petrole;2008-10-01;;;F30;F1
FORD;KA+ (UK, FK);1.3 i;Petrole;1996-09-01;2008-11-01;;;F3
FORD;KUGA I MONDEO;1.2;Petrole;2008-10-01;;;F30;F1
FORD;MONDEO III (B5Y);1.2, 1.2 Ti-VCT;Petrole;2016-06-01;;;;F3
FORD;MONDEO III (B5Y);2.0 TDCi, 2.0 TDCi 4x4;Diesel;2008-03-01;2012-11-01;;FL652;F8
FORD;MONDEO III Turnier (BWY);2.0 16V DI / TDDi / TDCi;Diesel;2000-10-01;2007-03-01;;FL652;F8
FORD;MONDEO III Turnier (BWY);1.8 16V;Petrole;2000-10-01;2007-03-01;;;F6
FORD;RANGER (TKE);3.2 TDCi 4x4;Diesel;2011-04-01;;;FL752;
FORD;S-MAX (WA6) TRANSIT;1.8 TDCi, 2.0 TDCi;Diesel;2006-05-01;2014-12-01;;FL752;
FORD;TRANSIT Box (E_ _) TRANSIT Box (FA_ _);2.5 DI, 2.5 TD, 2.5 TDI;Diesel;1991-05-01;2000-03-01;;FL652;F8
FORD;TRANSIT Box (E_ _) TRANSIT Box (FA_ _);2.2 TDCi, 2.4 Di, 2.4 TDCi, 2.4 TDE;Diesel;2000-01-01;2014-08-01;;FL752;
FORD;TRANSIT CONNECT (P65_, P70_, P80_);1.8 DI, 1.8 TDCi;Diesel;2002-06-01;2013-12-01;;FL652;F8
CHEVROLET;MATIZ (M200, M250);0.8;Petrole;2005-03-01;2013-12-01;;;F7
CHRYSLER;PT CRUISER (PT_);2.2 CRD;Diesel;2002-03-01;2010-12-01;;FK508;
CITROËN;BERLINGO (B9);1.6 HDi 75, 1.6 HDi 75 16V, 1.6 HDi 90, 1.6 BlueHDi 100, 1.6 BlueHDi 120, 1.6 HDi 110, 1.6 HDi 115;Diesel;2008-04-01;;F41;F31;F4
CITROËN;BERLINGO / BERLINGO FIRST Box (M_);1.6 HDI 75, 1.6 HDI 90, 1.9 D 70, 2.0 HDI 90;Diesel;1996-07-01;2011-12-01;;F31;F4
CITROËN;BERLINGO / BERLINGO FIRST MPV (MF, GJK, GFK);1.6 HDI 90, 1.9 D;Diesel;1996-07-01;2008-05-01;;F31;F4
CITROËN;BERLINGO / BERLINGO FIRST MPV (MF, GJK, GFK);1.4 i, 1.6 16V;Petrole;1996-07-01;2011-12-01;;F30;F1
CITROËN;BERLINGO Box (B9);1.6 HDi 110, 1.6 HDi 115, 1.6 HDi 75, 1.6 HDi 90 16V;Diesel;2008-04-01;;;F31;F4
CITROËN;BERLINGO Box (B9);1.6 BlueHDi 100, 1.6 BlueHDi 120, 1.6 HDi / BlueHDi 75, 1.6 HDi 90;Diesel;2010-07-01;;F41;F31;
CITROËN;BERLINGO Box (K9);BlueHDi 100;Diesel;2018-06-01;;F41;F31;
CITROËN;BERLINGO Platform/ Chassis (B9);1.6 HDi 90 16V;Diesel;2008-04-01;;;F31;
CITROËN;C1 (PM_, PN_);1.4 HDi;Diesel;2005-06-01;2014-09-01;;F30;F1
CITROËN;C1 II (PA_, PS_);1.0 VTi 68, 1.0 VTi 72, 1.2 VTi 82;Petrole;2014-04-01;;;F31;
CITROËN;C15 (VD-_);1.8 D, 1.9 D;Diesel;1986-07-01;2005-12-01;;F31;
CITROËN;C2 (JM_);1.1, 1.4, 1.4 16V;Petrole;2006-06-01;;;F30;F1
CITROËN;C2 (JM_);1.4 HDi;Diesel;2003-09-01;2009-12-01;;F31;F4
CITROËN;C3 AIRCROSS II (2R_, 2C_);1.2 PureTech 82, 110, 130;Petrole;2017-06-01;;;F31;
CITROËN;C3 I (FC_, FN_);1.4 Hdi, 1.4 16V Hdi, 1.6 16V Hdi;Diesel;2002-02-01;;;F31;F4
CITROËN;C3 I (FC_, FN_);1.1 i, 1.4 i, 1.4 16V, 1.6 16V;Petrole;2002-02-01;;;F31;F1
CITROËN;C3 II (SC_);1.6 BlueHDi 100, 120, 1.6 HDi 90, 110, 115, 1.6 BlueHDi 75, 1.6 BlueHDi 100;Diesel;2009-11-01;;F41;F31;F4
CITROËN;C3 II (SC_);1.1, 1.4, 1.0 VTi 68, 1.2 VTi 82, 1.6 VTi 120;Petrole;2012-08-01;2016-09-01;;F30;F1
CITROËN;C3 II (SC_);1.4 VTi 95;Petrole;2009-11-01;;;F31;F4
CITROËN;C3 III (SX);1.2 THP 110, 1.2 VTi 68, 1.2 VTi 82;Petrole;2016-07-01;;F41;;
CITROËN;C3 III (SX);1.6 BlueHDi 75, 1.6 BlueHDi 100;Diesel;2016-07-01;;F41;;
CITROËN;C3 Picasso (SH_);1.6 BlueHDi 100, 1.6 HDi 90, 1.6 HDi 110, 1.6 HDi 115;Diesel;2010-05-01;;F41;;
CITROËN;C3 Picasso (SH_);1.4 VTi 95;Petrole;2009-02-01;;;F30;F1
CITROËN;C3 Picasso (SH_);1.2 THP 110;Petrole;2015-01-01;;F41;;
CITROËN;C3 Pluriel (HB_);1.4, 1.6;Petrole;2003-05-01;;;F30;F1
CITROËN;C3 Pluriel (HB_);1.4 HDi;Diesel;2004-04-01;;;F30;F1
CITROËN;C4 AIRCROSS;1.6 HDi 115, 1.6 HDi 115 AWC, 1.8 HDi 150 AWC;Diesel;2012-04-01;;F41;;
CITROËN;C4 CACTUS;1.6 HDi 90, 1.6 BlueHDi 100;Diesel;2014-09-01;;F41;;
CITROËN;C4 CACTUS;1.2 VTi 75 / PureTech 75, 1.2 VTi 82;Petrole;2014-09-01;;;F30;F1
CITROËN;C4 CACTUS;1.2 THP 110;Petrole;2014-09-01;;F41;;
CITROËN;C4 Grand Picasso I (UA_);1.6 Hdi, 1.6 HDi 110, 2.0 HDi 138, 2.0 HDi 150, 2.0 HDi 165;Diesel;2006-10-01;2013-12-01;F41;F32;
CITROËN;C4 Grand Picasso II;1.6 HDi / BlueHDi 115/120, 2.0 BlueHDi 150;Diesel;2013-06-01;;F41;;
CITROËN;C4 Grand Picasso II;1.2 THP 130, 1.6 THP 165, 1.6 VTi 120;Petrole;2013-09-01;;F41;F31;F4
CITROËN;C4 I (LC_);1.4 16V, 1.6 16V;Petrole;2004-11-01;2011-07-01;;F30;F1
CITROËN;C4 II (B7);1.6 BlueHDi 100, 120, 1.6 HDi 90, 110, 115, 2.0 HDi / BlueHDi 150;Diesel;2009-11-01;;F41;F32;F7
CITROËN;C4 II (B7);1.2 THP 110, 130;Petrole;2014-04-01;;F41;;
CITROËN;C4 II (B7);1.6 VTi 120;Petrole;2009-11-01;2016-12-01;;F31;F4
CITROËN;C4 Picasso I MPV (UD_);1.6 Hdi, 2.0 HDi 138, 150;Diesel;2006-10-01;2013-08-01;F41;;
CITROËN;C4 Picasso I MPV (UD_);1.6 HDi 110;Diesel;2010-09-01;2013-08-01;;F31;F4
CITROËN;C4 Picasso II;1.6 BlueHDi 100, 120, 1.6 Hdi / BlueHDi 115 2.0 HDi 135/ BlueHDi 150;Diesel;2013-02-01;;F41;;
CITROËN;C4 Picasso II;1.2 THP 130, 1.6 THP 165, 1.6 VTi 120;Petrole;2013-02-01;;F41;F30;F1
CITROËN;C4 Picasso II;1.6 HDi 90;Diesel;2013-02-01;;F41;;F4
CITROËN;C5 I (DC_);2.0 Hdi;Diesel;2001-03-01;2004-08-01;;F32;F7
CITROËN;C5 I (DC_);1.8 16V, 2.0 16V, 2.0 16V HPi;Petrole;2001-03-01;2004-08-01;;F31;F4
CITROËN;C5 II (RC_);1.6 HDi (RC8HZB);Diesel;2004-09-01;;;F31;F4
CITROËN;C5 II (RC_);2.0 Hdi, 2.2 Hdi;Diesel;2004-09-01;;;F32;F7
CITROËN;C5 III (RD_);2.0 HDI / 140;Diesel;2008-02-01;;;F32;
CITROËN;C5 III (RD_);1.6 HDi 110, 115, 2.0 HDi 150 / BlueHDi 150, 2.0 HDi 165 / 180 / 200;Diesel;2009-04-01;;;F4;
CITROËN;C5 III (RD_);1.6 HDi 110;Diesel;2008-02-01;;;F31;
CITROËN;C5 III Break (RW_);2.0 HDI / 140 / 150 / BlueHDi 150 / 165 / 180, 2.2 Hdi 200, 3.0 Hdi 240;Diesel;2008-02-01;;F41;F32;F7
CITROËN;C5 III Break (RW_);1.6 HDi 110 / 115;Diesel;2008-02-01;;F41;F31;F4
CITROËN;C8 (EA_, EB_);2.0 HDI, 2.0 HDi 135 / 165, 2.2 Hdi;Diesel;2002-07-01;;F41;F32;F7
CITROËN;C-CROSSER (EP_);2.2 HDi;Diesel;2007-02-01;;;FL954;
CITROËN;DS3;1.6 HDi 90 / 110 / 115, 1.6 BlueHDi 120;Diesel;2009-11-01;2015-07-01;F41;F32;F4
CITROËN;DS3;1.2 VTi 82, 1.4 VTi 95, 1.6 Racing, 1.6 THP 155, 1.6 VTi 120;Petrole;2010-04-01;2015-03-01;;F30;F1
CITROËN;DS4;1.6 HDi 110 / 115;Diesel;2011-04-01;2015-07-01;F41;F31;F4
CITROËN;DS4;2.0 HDi / BlueHDi 135, 2.0 HDi 165;Diesel;2011-04-01;2015-07-01;;F32;F7
CITROËN;DS5;1.6 HDi 115 / 135 / 165, 2.0 BlueHDi 180;Diesel;2011-11-01;2015-07-01;F41;F32;
HONDA;CIVIC VIII Hatchback (FN, FK);2.2 CTDi;Diesel;2005-09-01;;;F32;F7
HONDA;CR-V III (RE_);2.2 i-CTDi 4WD, 2.2 i-DTEC 4WD;Diesel;2007-01-01;;;F32;F7
HONDA;JAZZ III (GE_, GG_, GP_, ZA_) | FIT;1.2, 1.3 i;Petrole;2008-07-01;;;;F7
HYUNDAI;GETZ (TB);1.5 CRDi;Diesel;2003-03-01;2009-06-01;;;F7
HYUNDAI;GETZ (TB);1.1, 1.3 i;Petrole;2002-09-01;2009-06-01;;F30;F1
HYUNDAI;i10 (PA);1.0, 1.2;Petrole;2008-01-01;2013-12-01;;;F7
HYUNDAI;i20 (GB, IB);1.2;Petrole;2014-11-01;;;F30;F1
HYUNDAI;i30 (GD);1.6 CRDI;Diesel;2011-12-01;2016-12-01;F41;F32;
HYUNDAI;ix35 (LM, EL, ELH) | TUCSON;1.7 CRDi;Diesel;2010-11-01;;;F42;
HYUNDAI;ix35 (LM, EL, ELH) | TUCSON;2.0 CRDi 4WD;Diesel;2010-01-01;;;FL955;
HYUNDAI;MATRIX (FC);1.5 CRDi, 1.5 CRDi VGT;Diesel;2001-10-01;2010-08-01;;;F7
HYUNDAI;SANTA FÉ I (SM);2.0 CRDi, 2.0 CRDi 4x4;Diesel;2001-08-01;2006-03-01;;FL954;
HYUNDAI;SANTA FÉ II (CM);2.2 CRDi, 2.2 CRDi 4x4, 2.2 CRDi GLS 4x4;Diesel;2006-03-01;2009-12-01;;FL954;
HYUNDAI;TUCSON (JM);2.0 CRDi / All-wheel Drive;Diesel;2004-08-01;2010-03-01;;FL954;
HYUNDAI;TUCSON (TL, TLE);1.7 CRDi;Diesel;2015-06-01;;;F42;
IVECO;DAILY III Box Body / Estate;29 L 12 V, 35 S 9 V,35 C 9 V, 35 C 12 V, 35 S 12 V, 35 S 11 V,35 C 11 V, 35 S 13 V,35 C 13 V, 35 S 15 V, 35 C 15V;Diesel;1999-05-01;2007-07-01;;FL1000;
IVECO;DAILY III Platform/ Chassis;29 L 12, 35 C 10 V , 35 S 10 V, 35 C 12, 35 S 12, 35 S 11, 35 C 11, 35 S 13, 35 S 9, 35 C 9, 50 C 11;Diesel;1999-05-01;2006-04-01;;FL1000;
JEEP;RENEGADE Closed Off-Road Vehicle (BU, B1);1.6 CRD;Diesel;2014-07-01;;;FK508;
KIA;CEE'D SW (ED);1.6 CRDi 90 / 115;Diesel;2007-09-01;2012-12-01;;F32;
KIA;PICANTO (JA);1.0, 1.2;Petrole;2017-03-01;;F40;;
KIA;PICANTO (SA);1.0;Petrole;2004-04-01;;;;F7
KIA;PICANTO (TA);1.0, 1.2;Petrole;2011-05-01;;F40;;
KIA;RIO III (UB);1.2 CVVT;Petrole;2014-11-01;;;F31;F4
KIA;SORENTO I (JC);2.5 CRDi;Diesel;2002-08-01;;;FL955;
KIA;SPORTAGE (QL, QLE);1.7 CRDi, 2.0 CRDi;Diesel;2015-09-01;;;F42;
KIA;SPORTAGE (SL);1.7 CRDi, 2.0 CRDi;Diesel;2015-09-01;;;F42;
KIA;VENGA (YN);1.7 CRDi;Diesel;2010-12-01;;;F42;
KIA;VENGA (YN);1.4 CRDi 90, 1.6 CRDi 115;Diesel;2010-02-01;;;F32;F7
LANCIA;YPSILON (312_);0.9 TwinAir, 1.2;Petrole;2011-05-01;;;F31;
LAND ROVER;FREELANDER (L314);2.0 DI 4x4, 2.0 Td4 4x4;Diesel;1998-02-01;2006-10-01;F41;F32;F7
LAND ROVER;RANGE ROVER EVOQUE (L538);2.0 D / 4x4;Diesel;2015-06-01;;;F42;FL752
MERCEDES-BENZ;A-CLASS (W168);A 160 CDI, A 170 CDI;Diesel;1998-07-01;2004-08-01;F41;F32;F7
MERCEDES-BENZ;A-CLASS (W168);A 140, A 160, A 190;Petrole;1997-07-01;2004-08-01;F40;F31;F4
MERCEDES-BENZ;A-CLASS (W169);A 160 CDI, A 180 CDI, A 200 CDI;Diesel;2004-09-01;2012-06-01;F41;F32;F7
MERCEDES-BENZ;A-CLASS (W169);A 150, A170, A200;Petrole;2004-09-01;2012-06-01;;F31;F4
MERCEDES-BENZ;A-CLASS (W176);A 180 CDI, A200 CDI / D, A220 D;Diesel;2012-06-01;;;F42;
MERCEDES-BENZ;A-CLASS (W176);A 160, A 180, A 200, A 250;Petrole;2012-09-01;;F41;;
MERCEDES-BENZ;B-CLASS (W245);B 180 CDI, B 200 CDI;Diesel;2005-03-01;2011-11-01;F41;F32;F7
MERCEDES-BENZ;B-CLASS (W246, W242);B 160 CDI / d, B 180 CDI, B 200 CDI / d / d 4-matic, B 220 CDI / d;Diesel;2011-11-01;;F41;;
MERCEDES-BENZ;CABRIOLET (A124);300 CE-24 (124.061);Petrole;1992-04-01;1993-06-01;F41;F32;F7
MERCEDES-BENZ;C-CLASS (W202);C 200 CDI, C 220 CDI, C 220 D, C 250 D, C 250 Turbo-D;Diesel;1993-05-01;2000-05-01;F41;F32;F7
MERCEDES-BENZ;C-CLASS (W203);C 200 CDI, C 220 CDI, C 320 CDI;Diesel;2000-09-01;2003-06-01;F41;F32;F7
MERCEDES-BENZ;C-CLASS (W204);C 200 CDI, C 220;Diesel;2007-01-01;2009-12-01;F41;F32;F7
MERCEDES-BENZ;C- CLASS (W204);C 180 CDI, C 200 CDI, C 250 CDI, C 320 CDI;Diesel;2011-01-01;2014-01-01;F42;FL752;F12
MERCEDES-BENZ;C-CLASS (W205);C 200 d, C 220 BlueTEC / d , C 250 BlueTEC / d / d 4-matic;Diesel;2014-02-01;2018-05-01;;F42;
MERCEDES-BENZ;C-CLASS Coupe (CL203);C 200 CDI, C220 CDI;Diesel;2001-03-01;2008-05-01;F41;F32;F7
MERCEDES-BENZ;CLK (C209);220 CDI, 270 CDI, 320 CDI;Diesel;2002-10-01;2009-05-01;;F42;F12
MERCEDES-BENZ;E-CLASS (W210);E 200 CDI, E 220 CDI , E 290 Turbo-D, E 300 Turbo-D, E320 CDI;Diesel;1996-03-01;2002-03-01;F41;F32;F7
MERCEDES-BENZ;E-CLASS (W211);E 220 CDI, E 280 CDI, E 320 CDI;Diesel;2002-11-01;2008-12-01;;F43;
MERCEDES-BENZ;E-CLASS (W212);E 200 CDI / BlueTEC, E 220 CDI / BlueTEC, E 250 CDI / BlueTEC, E 350 CDI;Diesel;2009-01-01;;;F43;
MERCEDES-BENZ;GLA-CLASS (X156);GLA 200 CDI / d / 4-matic, GLA 220 CDI / d;Diesel;2013-12-01;;;F42;
MERCEDES-BENZ;GLC (X253);220 d 4-matic, 250 d 4-matic;Diesel;2015-06-01;2019-04-01;;F42;
MERCEDES-BENZ;M-CLASS (W163);ML 270 CDI, ML 400 CDI;Diesel;1999-12-01;2005-06-01;;F43;F10
MERCEDES-BENZ;M-CLASS (W164);ML 280 / 300 /320 / 350 CDI 4-matic;Diesel;2005-07-01;2011-12-01;;F43;
MERCEDES-BENZ;M-CLASS (W166);ML 250 CDI / BlueTEC 4-matic;Diesel;2011-06-01;2015-12-01;;F43;
MERCEDES-BENZ;SL (R231);63 AMG;Petrole;2012-01-01;;;F43;
MERCEDES-BENZ;SPRINTER 3,5-t Box (906);313 CDI, 314 CDI, 316 CDI;Diesel;2006-06-01;;;F43;FL1000
MERCEDES-BENZ;SPRINTER 4,6-t Box (906);413 CDI, 414 CDI;Diesel;2006-06-01;;;F43;FL1000
MERCEDES-BENZ;VITO / MIXTO Box (W639);109 / 111 / 115 CDI;Diesel;2003-09-01;;;F42;FL752
MERCEDES-BENZ;VITO / MIXTO Box (W639);110 / 113 / 116 / 122 CDI;Diesel;2010-09-01;;;F42;
MERCEDES-BENZ;VITO Box (638);108 CDI 2.2 , 108 D 2.3, 110 CDI 2.2, 110 D 2.3, 112 CDI 2.2;Diesel;1997-03-01;2003-07-01;;F42;FL752
MERCEDES-BENZ;VITO Bus (W639);109 / 110 / 111 / 113 / 115 / 116 CDI;Diesel;2003-09-01;;;F42;FL752
MINI;MINI (F55);Cooper, One;Petrole;2013-09-01;;F41;;
MINI;MINI (F56);Cooper / S, John Cooper Works, One;Petrole;2013-12-01;;F41;;
MINI;MINI (R50, R53);Cooper / S, One;Petrole;2001-06-01;2006-09-01;;;F6
MINI;MINI (R56);Cooper / S, One;Petrole;2006-10-01;2013-11-01;F41;;
MINI;MINI (R56);Cooper D, One D;Diesel;2006-11-01;2013-11-01;F41;;
MINI;MINI COUNTRYMAN (R60);Cooper D / ALL4, One D;Diesel;2010-08-01;2016-10-01;F41;;
MINI;MINI COUNTRYMAN (R60);Cooper / S / S ALL4, One;Petrole;2010-08-01;2016-10-01;F41;;
MITSUBISHI;L 200 / TRITON (KA_T, KB_T) | HUNTER;2.5 DiD / 4WD;Diesel;2005-11-01;2015-12-01;;FL954;
NISSAN;CABSTAR (F24M, F24W);28.11 DCI, 32.11 DCI, 35.11 DCI 2.5, 28.12 DCI, 32.12 DCI, 34.12 DCI, 35.12 DCI 2.5, 35.13 DCI, 45.13 DCI 2.5, 35.14 DCI, 45.14 DCI 2.5, 35.15 DCI, 45.15 DCI 3.0;Diesel;2006-09-01;2013-12-01;;FL955;
NISSAN;JUKE (F15);1.5 dCi;Diesel;2010-06-01;;;F31;F4
NISSAN;JUKE (F15);1.6 / DIG-T / 4x4;Petrole;2010-06-01;;;FL605;
NISSAN;JUKE (F15);1.2 DIG-T;Petrole;2014-05-01;;F41;;
NISSAN;MICRA II (K11);1.0 / 1.3 / 1.4 / i 16V;Petrole;1992-08-01;2003-02-01;;;F7
NISSAN;MICRA IV (K13_);2.1;Petrole;2010-05-01;;;;F7
NISSAN;MICRA V (K14);0.9 IG-T;Petrole;2016-12-01;;;F32;
NISSAN;NOTE (E11, NE11);1.4, 1.6;Petrole;2006-03-01;2012-06-01;;;F3
NISSAN;NOTE (E12);1.5 dCi;Diesel;2013-06-01;;;F31;F4
NISSAN;NP300 NAVARA (D40);2.5 dCi 4WD;Diesel;2006-10-01;;;F32;F7
NISSAN;NV200 Box Body / Estate;e-NV;Electric;2014-05-01;;;F30;F1
NISSAN;PATHFINDER III (R51);2.5 dCi / 4WD;Diesel;2005-01-01;;;F32;F7
NISSAN;PRIMERA Hatchback (P11);1.6 16V;Petrole;1996-09-01;2002-07-01;;F31;F4
NISSAN;QASHQAI / QASHQAI +2 I (J10, NJ10, JJ10E);1.5 dCi, 1.6 dCi / All-wheel Drive, 2.0 dCi / All-wheel Drive;Diesel;2007-02-01;2013-12-01;;F32;F7
NISSAN;QASHQAI II Closed Off-Road Vehicle (J11, J11_);1.5 dCi, 1.6 dCi / ALL MODE 4x4-i;Diesel;2013-11-01;;;F32;
NISSAN;QASHQAI II Closed Off-Road Vehicle (J11, J11_);1.2 DIG-T;Petrole;2013-11-01;;;F32;
NISSAN;TERRANO II (R20);2.7 TD 4WD, 3.0 Di 4WD;Diesel;1993-02-01;2007-09-01;;FL955;
NISSAN;X-TRAIL (T30);2.2 dCi 4x4, 2.2 Di 4x4 2.0 dCi / 4x4;Diesel;2001-06-01;2008-12-01;;;F7
NISSAN;X-TRAIL (T31);dCi / 4x4;Diesel;2007-06-01;2013-11-01;;;F7
NISSAN;X-TRAIL (T32_);1.6 dCi, 1.6 dCi ALL MODE 4x4-i;Diesel;2014-04-01;;F41;;
OPEL;AGILA (A) (H00);1.0 12V, 1.2 16V, 1.2 16V, 1.2 16V Twinport;Petrole;2000-09-01;2007-12-01;;;F3
OPEL;AGILA (B) (H08);1.0, 1.2;Petrole;2008-04-01;2011-06-01;;;F3
OPEL;ASTRA G Estate (T98);2.0 DI, 2.0 DTI 16V;Diesel;1998-02-01;2004-07-01;;FL652;F8
OPEL;ASTRA G Hatchback (T98);1.7 CDTI, 1.7 DTI 16V, 1.7 TD;Diesel;1998-02-01;2009-12-01;;;F6
OPEL;ASTRA J (P10);1.7 CDTI (68);Diesel;2009-09-01;2015-10-01;F41;;F6
OPEL;COMBO Box Body / Estate;1.3 CDTI 16V, 1.7 DI 16V, 1.7 CDTI 16V;Diesel;2001-10-01;;;;F6
OPEL;CORSA B (S93);1.0 i 12V, 1.2 i 16V, 1.4 Si;Petrole;1993-03-01;2000-09-01;;;F3
OPEL;CORSA B (S93);1.5 D, 1.5TD, 1.7 D;Diesel;1993-03-01;2000-09-01;;;F6
OPEL;CORSA C (X01);1.0, 1.2 Twinport, 1.2, 1.4;Petrole;2000-09-01;2009-12-01;;;F3
OPEL;CORSA C (X01);1.3 CDTI, 1.7 CDTI, 1.7 DI, 1.7 DTI;Diesel;2000-09-01;2009-12-01;;;F6
OPEL;CORSA C (X01);1.3 CDTI (L08, L68);Diesel;2006-07-01;2011-06-01;;FL652;F8
OPEL;CORSA D (S07);1.0, 1.2, 1.4;Petrole;2006-07-01;2014-08-01;;F30;F1
OPEL;CORSA E (X15);1.0, 1.2, 1.4;Petrole;2014-09-01;;F40;F30;F1
OPEL;CROSSLAND X (P17);1.2;Petrole;2017-03-01;;F41;F30;F1
OPEL;KARL (C16);1.0;Petrole;2015-01-01;;;;F8
OPEL;MERIVA A MPV (X03);1.3 CDTI, 1.7 CDTI, 1.7 DI, 1.7 DTI;Diesel;2003-09-01;2010-05-01;;FL652;F6
OPEL;MERIVA A MPV (X03);1.4 16V Twinport, 1.6, 1.6 16V, 1.8;Petrole;2003-05-01;2010-05-01;;;F6
OPEL;MERIVA B MPV (S10);1.6 CDTi, 1.7 CDTI;Diesel;2010-06-01;2017-03-01;F41;FL652;F8
OPEL;MOKKA / MOKKA X (J13);1.6 CDTI, 1.7 CDTI / 4x4;Diesel;2015-01-01;;F41;;F6
OPEL;MOKKA / MOKKA X (J13);1.4 / 4x4;Petrole;2013-04-01;;F41;;
OPEL;VECTRA C GTS (Z02);1.9 CDTI, 2.2 DTI 16V;Diesel;2004-04-01;2009-01-01;;FL652;F8
OPEL;ZAFIRA / ZAFIRA FAMILY B (A05);1.9 CDTI;Diesel;2005-07-01;2015-04-01;;FL652;F8
OPEL;ZAFIRA A MPV (T98);2.0 DI, 2.0 DI 16V, 2.0 DTI 16V;Diesel;1999-07-01;2005-06-01;;FL652;F8
OPEL;ZAFIRA A MPV (T98);1.6 16V, 1.8 16V;Petrole;1999-04-01;2005-06-01;;;F3
PEUGEOT;108;1.0 Vti, 1.0 VTi 72, 1.2;Petrole;2014-05-01;;;F31;F1
PEUGEOT;1007 (KM_);1.4 Hdi, 1.6 Hdi;Diesel;2005-04-01;;;F31;F4
PEUGEOT;1007 (KM_);1.4, 1.6 16V;Petrole;2005-04-01;;;F30;F1
PEUGEOT;106 II (1A_, 1C_);1.0 i, 1.1i, 1.4i;Petrole;1996-04-01;2001-03-01;;F30;F1
PEUGEOT;106 II (1A_, 1C_);1.5 D;Diesel;1996-05-01;2004-07-01;;F31;F4
PEUGEOT;107 (PM_, PN_);1.0;Petrole;2005-06-01;2014-05-01;;F30;F1
PEUGEOT;107 (PM_, PN_);1.4 HDi;Diesel;2005-06-01;2014-05-01;;F30;F1
PEUGEOT;2008 (CU_);1.2 THP 110 / PureTech 110, 1.2 THP 130 / PureTech 130;Petrole;2015-01-01;;F41;;
PEUGEOT;2008 (CU_);1.6 BlueHDi 75 / 100 /120;Diesel;2014-07-01;;F41;;
PEUGEOT;2008 (CU_);1.2 Vti, 1.6 Vti;Petrole;2013-03-01;;;F31;F4
PEUGEOT;206 CC (2D);1.6 16V;Petrole;2000-09-01;2007-12-01;;F30;F1
PEUGEOT;206 CC (2D);2.0 S16;Petrole;2000-09-01;2007-12-01;;F31;F4
PEUGEOT;206 Hatchback (2A/C);1.4 Hdi, 1.6 HDi 110, 1.9 D, 2.0 HDI 90;Diesel;1998-09-01;2009-09-01;;F31;F4
PEUGEOT;206 Hatchback (2A/C);1.1 i, 1.4 i, 1.4 16V, 1.6i, 16 16V;Petrole;1998-09-01;2007-02-01;;F30;F1
PEUGEOT;206 Hatchback (2A/C);2.0 RC, 2.0 S16;Petrole;1999-04-01;2007-12-01;;F31;F4
PEUGEOT;206 SW (2E/K);1.4 Hdi, 1.6 HDi 110, 2.0 HDI;Diesel;2002-07-01;;;F31;F4
PEUGEOT;206 SW (2E/K);1.4, 1.4 16V, 1.6 16V;Petrole;2002-07-01;;;F30;F1
PEUGEOT;206 Van;1.4 Hdi, 1.9 D;Diesel;1999-04-01;2009-03-01;;F31;F4
PEUGEOT;206+ (2L_, 2M_);1.4 HDi eco 70;Diesel;2009-01-01;2013-06-01;;F31;F4
PEUGEOT;206+ (2L_, 2M_);1.1;Petrole;2009-01-01;2013-06-01;;F30;F1
PEUGEOT;207 (WA_, WC_) | 207/207+;1.4 Hdi, 1.6 Hdi, 1.6 Hdi 110;Diesel;2006-02-01;2015-12-01;;F31;F4
PEUGEOT;207 (WA_, WC_) | 207/207+;1.4 16V, 1.6 16V Vti;Petrole;2007-02-01;2013-10-01;;F31;F4
PEUGEOT;207 (WA_, WC_) | 207/207+;1.4, 1.6 16V, 1.6 16V Turbo;Petrole;2006-02-01;2013-10-01;;F30;F1
PEUGEOT;207 CC (WD_);1.6 HDi;Diesel;2007-02-01;2015-01-01;;F31;F4
PEUGEOT;207 CC (WD_);1.6 16V / Turbo;Petrole;2007-02-01;2013-10-01;;F31;F4
PEUGEOT;207 SW (WK_);1.6 HDi;Diesel;2009-08-01;2013-10-01;;F31;F4
PEUGEOT;207 SW (WK_);1.4 16V, 1.6 16V;Petrole;2007-06-01;2013-10-01;;F31;F4
PEUGEOT;207 Van (WA_, WC_);1.4 Hdi, 1.6 Hdi;Diesel;2007-04-01;;;F31;F4
PEUGEOT;208 I (CA_, CC_);1.4 Hdi, 1.6 Hdi / BlueHDi 75 / 100 / 120;Diesel;2012-03-01;;F41;;
PEUGEOT;208 I (CA_, CC_);1.0, 1.2, 1.6;Petrole;2012-03-01;;;F30;F1
PEUGEOT;208 I (CA_, CC_);1.2 THP 110, 1.6 Gti;Petrole;2013-01-01;;F41;;
PEUGEOT;3008 MPV (0U_);1.6 HDI, 1.6 BlueHDi 120;Diesel;2014-05-01;2016-08-01;F41;F31;F4
PEUGEOT;3008 MPV (0U_);2.0 HDI, 2.0 HDi 150 / BlueHDi 150;Diesel;2009-06-01;2016-08-01;;F32;F7
PEUGEOT;3008 MPV (0U_);2.0 HDi Hybrid4;Diesel;2011-02-01;2016-08-01;F41;F31;F4
PEUGEOT;3008 SUV (M_);1.5 BlueHDi 130, 1.6 BlueHDi 120, 2.0 BlueHDi 120 / 150 / 180;Diesel;2016-05-01;;F41;;
PEUGEOT;3008 SUV (M_);1.2 THP/ PureTech 130, 1.6 THP 165;Petrole;2016-05-01;;F41;;
PEUGEOT;306 Hatchback (7A, 7C, N3, N5);1.9 D, 1.9 DT, 2.0 HDI 90;Diesel;1993-05-01;2002-12-01;;F31;F4
PEUGEOT;307 (3A/C);1.4 Hdi, 1.6 Hdi, 1.6 Hdi 110, 2.0 HDi 90 / 135;Diesel;2001-10-01;2009-03-01;;F31;F4
PEUGEOT;307 (3A/C);1.6 16V, 2.0 16V;Petrole;2000-08-01;2007-11-01;;F31;F4
PEUGEOT;307 Break (3E);1.6 Hdi / 110, 2.0 HDI 90 / 110 / 135;Diesel;2002-03-01;2009-12-01;;F31;F4
PEUGEOT;307 CC (3B);2.0 16V;Petrol;2003-10-01;2005-06-01;;F31;F4
PEUGEOT;307 CC (3B);2.0 HDi 135;Diesel;2005-06-01;2009-04-01;;F32;F7
PEUGEOT;307 SW (3H);1.6 HDi 90 /110, 2.0 HDI 90 / 110 / 135;Diesel;2002-03-01;2009-12-01;;F31;F4
PEUGEOT;308 CC (4B_);2.0 HDI;Diesel;2009-04-01;2012-12-01;;F32;F7
PEUGEOT;308 I (4A_, 4C_);1.6 Hdi, 2.0 HDI;Diesel;2007-09-01;2014-10-01;F41;F31;F4
PEUGEOT;308 II;1.6 BlueHDi 120, 1.6 HDi 100 / BlueHDi 115, 2.0 BlueHDi 150, 2.0 GT BlueHDi 180;Diesel;2013-11-01;;F41;;
PEUGEOT;308 II;1.2 THP 110 / 130, 1.6 GT 205, 1.6 Gti;Petrole;2013-11-01;;F41;;
PEUGEOT;308 II;1.5 BlueHDi 130;Diesel;2017-06-01;;;F32;
PEUGEOT;308 SW I (4E_, 4H_);1.6 HDi;Diesel;2009-11-01;2014-10-01;F41;;F4
PEUGEOT;308 SW II;1.6 BlueHDi 100 / 120 / BlueHDi 115, 2.0 BlueHDi 150, 2.0 GT HDi 180 / BlueHDi 180;Diesel;2014-03-01;;F41;;
PEUGEOT;308 SW II;1.2 THP 110 / 130;Petrole;2014-03-01;;F41;;
PEUGEOT;406 (8B);1.9 D, 1.9 DT, 2.0 HDI 90, 2.2 Hdi;Diesel;1996-01-01;2004-05-01;;F31;F4
PEUGEOT;406 (8B);1.8 16V, 2.0 16V;Petrole;1995-11-01;2004-06-01;;F30;F1
PEUGEOT;406 Break (8E/F);1.9 TD, 2.0 HDI 90 / 110, 2.2 Hdi;Diesel;1996-10-01;2004-10-01;;F31;F4
PEUGEOT;407 (6D_);2.0 HDi 135, 2.2 Hdi 170, 2.7 Hdi;Diesel;2004-05-01;2010-12-01;;F32;F7
PEUGEOT;407 (6D_);1.6 HDi 110;Diesel;2004-05-01;2010-12-01;;F31;F4
PEUGEOT;407 (6D_);1.8, 1.8 16V, 2.0, 2.0 16V, 2.2;Petrole;2004-03-01;2010-12-01;;F31;F4
PEUGEOT;407 SW (6E_);2.0 HDI / 135 / 170, 2.7 Hdi;Diesel;2004-07-01;2010-12-01;;F32;F7
PEUGEOT;407 SW (6E_);1.6 HDi 110;Diesel;2004-05-01;2010-12-01;;F31;F4
PEUGEOT;5008 (0U_, 0E_);1.6 Hdi, 1.6 BlueHDi 120, 2.0 HDI, 2.0 HDi 136 / BlueHDi 136, 2.0 HDi 150 / BlueHDi 150;Diesel;2009-09-01;2017-03-01;F41;F32;F7
PEUGEOT;5008 II;1.5 BlueHDi 130, 1.6 BlueHDi 120, 2.0 BlueHDi 180;Diesel;2016-12-01;;;F32;
PEUGEOT;508 I (8D_);1.6 BlueHDi 120, 2.0 BlueHDi 150 / 180;Diesel;2014-03-01;;F41;;
PEUGEOT;508 SW I (8E_);1.6 BlueHDi 120, 2.0 BlueHDi 150 / 180, 2.0 HDi 180 RXH;Diesel;2014-03-01;;F41;;F7
PEUGEOT;607 (9D, 9U);2.0 HDI, 2.2 Hdi;Diesel;2000-02-01;2011-07-01;;F32;
PEUGEOT;807 (E);2.0 HDI, 2.2 HDi;Diesel;2002-06-01;;;F31;F4
PEUGEOT;BIPPER (AA_);1.3 HDi 75, 1.4 Hdi;Diesel;2008-02-01;;;F31;F4
PEUGEOT;BIPPER Tepee;1.3 HDi 75 / 80, 1.4 Ddi;Diesel;2008-04-01;;;F31;F4
PEUGEOT;BOXER Box;2.0 BlueHDi 110 / 130 / 160;Diesel;2015-07-01;;F41;F32;F7
PEUGEOT;BOXER Box;2.2 HDi 100 / 120;Diesel;2006-04-01;;;FL1050;
PEUGEOT;BOXER Box;2.5 D / DT / 4x4 / TDI / TDI 4x4, 2.8 HDI / 4x4;Diesel;1994-03-01;2002-04-01;;FL1000;
PEUGEOT;BOXER Box (230L);1.9 D, 1.9 DT, 1.9 DT 4x4;Diesel;1994-03-01;2002-04-01;;F32;F7
PEUGEOT;BOXER Platform/Chassis;2.2 HDi 100 / 120;Diesel;2006-04-01;;;F43;FL1050
PEUGEOT;BOXER Platform/Chassis;2.2 HDi 110 / 130 / 150;Diesel;2011-03-01;;;FL1000;F10
PEUGEOT;EXPERT Box (222);1.9 TD / D / 70;Diesel;1996-02-01;2006-12-01;;F31;F4
PEUGEOT;EXPERT Box (V_);1.6 BlueHDi 95 / 115, 2.0 BlueHDi 120 / 150 / 180;Diesel;2016-04-01;;F41;F32;F7
PEUGEOT;EXPERT Box (VF3A_, VF3U_, VF3X_);1.6 HDi 90 8V / 16V;Diesel;2007-01-01;;;F31;F4
PEUGEOT;EXPERT Box (VF3A_, VF3U_, VF3X_);2.0 HDi 120 / 130 / 140 / 165;Diesel;2007-01-01;;;F32;F7
PEUGEOT;EXPERT Box (VF3A_, VF3U_, VF3X_);1.6 DDIS, 1.9 DDiS / 4x4, 2.0 DDiS / 4x4;Diesel;2006-06-01;;;F32;
PEUGEOT;EXPERT Tepee (VF3X_);2.0 HDi 100 / 120 / 130 / 140 / 165;Diesel;2011-03-01;;;F32;F7
PEUGEOT;PARTNER Box;1.6 Hdi / BlueHDi 75 / 100 / 120;Diesel;2008-04-01;;F41;F31;F4
PEUGEOT;PARTNER Box;1.6 HDi 16V / 4x4;Diesel;2010-04-01;;;F32;F7
PEUGEOT;PARTNER Box (5) | PARTNER ORIGIN | RANCH;1.6 HDi 75 / 90, 1.9 D, 2.0 HDI;Diesel;1996-05-01;2015-12-01;;F31;F4
PEUGEOT;PARTNER Box (K9);1.6 BlueHDi 100;Diesel;2018-09-01;;F41;F31;F4
PEUGEOT;PARTNER Combispace (5F) | PARTNER ORIGIN | RANCH;1.6 HDi 75 / 90, 1.9 D, 2.0 HDI;Diesel;1998-12-01;2015-12-01;;F31;F4
PEUGEOT;PARTNER Tepee;1.6 HDI / 16V / BlueHDi 75 / 90 / 100 / 120;Diesel;2008-04-01;;F41;F31;F4
PEUGEOT;PARTNER Tepee;1.6 HDi 75 / 90, 1.9 D, 2.0 HDI;Diesel;2012-10-01;2018-12-01;;F31;F4
RENAULT;CAPTUR (J5_, H5_);1.5 dCi 90 / 110;Diesel;2013-06-01;;;F32;
RENAULT;CAPTUR (J5_, H5_);0.9 TCe 90, 1.2 TCe 120;Petrole;2013-06-01;;F41;;
RENAULT;CAPTUR (J5_, H5_);1.2 TCe 120;Petrole;2016-01-01;;;F32;
RENAULT;CLIO Grandtour (KR0/1_);1.5 dCi (KR0F, KR0G);Diesel;2008-02-01;;;;F6
RENAULT;CLIO Grandtour (KR0/1_);1.5 dCi (KR0H, KR1S, KR1C, KR1N);Diesel;2008-02-01;;;FL652;F8
RENAULT;CLIO I (B/C57_, 5/357_);1.2, 1.4, 1.7;Petrole;1990-05-01;1998-09-01;;F30;F1
RENAULT;CLIO I (B/C57_, 5/357_);1.9 D;Diesel;1991-01-01;1998-09-01;;F32;F7
RENAULT;CLIO I Box (S57_);1.9 D / RND;Diesel;1991-01-01;1998-09-01;;F32;F7
RENAULT;CLIO II (BB_, CB_);1.5 dCi;Diesel;2001-06-01;;;;F6
RENAULT;CLIO II (BB_, CB_);1.2 / 16V, 1.4, 1.6 / 16V;Petrole;1998-09-01;;;;F3
RENAULT;CLIO II (BB_, CB_);1.9 D, 1.9 dTi;Diesel;1998-09-01;2005-05-01;;F31;F4
RENAULT;CLIO II (BB_, CB_);1.2 LPG;Petroleum;1998-09-01;2009-06-01;;F30;F1
RENAULT;CLIO II Box (SB0/1/2_);1.5 dCi;Diesel;2001-06-01;;;;F6
RENAULT;CLIO II Box (SB0/1/2_);1.9 D, Dti;Diesel;1998-09-01;;;F31;F4
RENAULT;CLIO II Box (SB0/1/2_);1.2 (SB0A, SB0F, SB10);Petrole;1998-09-01;2003-10-01;;;F3
RENAULT;CLIO III (BR0/1, CR0/1);1.5 dCi;Diesel;2005-05-01;;;FL652;F8
RENAULT;CLIO III (BR0/1, CR0/1);1.2 16V (BR02, BR0J, BR11, CR02, CR0J, CR11, BR0P, CR0P, BR0R, BR1D, BR1L, CR0R );Petrole;2005-06-01;;;;F3
RENAULT;CLIO III Box (SB_, SR_);1.5 dCi;Diesel;2010-08-01;2014-12-01;;FL652;F8
RENAULT;CLIO IV (BH_);1.5 dCi 75 / 90;Diesel;2012-11-01;;F41;;
RENAULT;CLIO IV (BH_);0.9 TCe 90, 1.2 TCe 120, 1.6 RS;Petrole;2012-11-01;;F41;;
RENAULT;CLIO IV (BH_);1.2 16V;Petrole;2012-11-01;;;F30;F1
RENAULT;CLIO IV (BH_);1.2 TCe 120 (BHAU);Petrole;2016-01-01;;;F32;
RENAULT;CLIO IV Grandtour (KH_);1.5 dCi 75 / 90;Diesel;2013-01-01;;F41;;
RENAULT;CLIO IV Grandtour (KH_);0.9 TCe 90, 1.2 Tce 120 (KHM0);Petrole;2013-01-01;;F41;;
RENAULT;ESPACE II (J/S63_);2.1 TD;Diesel;1991-01-01;1996-10-01;;F32;F7
RENAULT;ESPACE III (JE0_);1.9 dTi, 2.2 D / 12V TD / dCi;Diesel;1996-11-01;2002-10-01;;F32;F7
RENAULT;ESPACE IV (JK0/1_);1.9 dCi, 2.0 dCi, 2.2 dCi, 3.0 dCi;Diesel;2002-11-01;2005-02-01;;FL800;F12
RENAULT;ESPACE V (JR_);1.6 dCi 130 / 160;Diesel;2015-06-01;;;F32;
RENAULT;GRAND SCÉNIC II (JM0/1_);1.5 dCi, 1.9 dCi, 2.0 dCi;Diesel;2004-04-01;2008-11-01;;FL652;F8
RENAULT;GRAND SCÉNIC II (JM0/1_);1.5 dCi (JM1E);Diesel;2005-05-01;;;;F6
RENAULT;GRAND SCÉNIC II (JM0/1_);1.5 dCi (JM0F, JM16, JM1F);Diesel;2003-06-01;;;;F6
RENAULT;GRAND SCÉNIC II (JM0/1_);1.5 dCi (JM02, JM13), 1.9 dCi, 2.0 dCi;Diesel;2003-06-01;;;FL652;F8
RENAULT;GRAND SCÉNIC II (JM0/1_);1.6 / 16V, 2.0;Petrole;2003-06-01;;;;F6
RENAULT;GRAND SCÉNIC III (JZ0/1_);1.5 dCi;Diesel;2009-02-01;;F41;F31;F4
RENAULT;GRAND SCÉNIC III (JZ0/1_);1.5 dCi (JZ02, JZ0R);Diesel;2009-04-01;;;;F6
RENAULT;GRAND SCÉNIC III (JZ0/1_);1.6 dCi;Diesel;2011-04-01;;;F41;
RENAULT;GRAND SCÉNIC III (JZ0/1_);1.9 dCi;Diesel;2009-02-01;;;F32;F7
RENAULT;GRAND SCÉNIC IV (J9_);1.5 dCi 95 / 110 , 1.6 dCi 130 / 160;Diesel;2016-09-01;;;F32;
RENAULT;KADJAR (HA_, HL_);1.5 dCi 110, 1.6 dCi 130 /4x4;Diesel;2015-06-01;;;F32;
RENAULT;KADJAR (HA_, HL_);1.2 TCe 130;Petrole;2015-06-01;;F41;;
RENAULT;KANGOO (KC0/1_);1.5 dCi, 1.9 RXED;Diesel;1999-09-01;;;F31;F4
RENAULT;KANGOO (KC0/1_);1.9 dCi 4x4, 1.9 dTi, D 55 1.9, D 65 1.9;Diesel;1997-08-01;;;F32;F7
RENAULT;KANGOO / GRAND KANGOO (KW0/1_);1.5 dCi / 110;Diesel;2008-06-01;;F41;;
RENAULT;KANGOO / GRAND KANGOO (KW0/1_);1.5 dCi (KW0B);Diesel;2008-02-01;;;F32;F7
RENAULT;KANGOO / GRAND KANGOO (KW0/1_);1.5 dCi (KW0A, KW0F);Diesel;2008-02-01;;;F31;F4
RENAULT;KANGOO BE BOP (KW0/1_);1.5 dCi / 75;Diesel;2009-06-01;;;F31;F4
RENAULT;KANGOO Express (FC0/1_);1.5 dCi;Diesel;2001-12-01;;;F31;F4
RENAULT;KANGOO Express (FC0/1_);1.2, 1.2 16V, 1.4, 1.6 16V;Petrole;1997-08-01;;;F30;F1
RENAULT;KANGOO Express (FC0/1_);1.9 D, D 55 1.9, D 65 1.9;Diesel;1997-08-01;;;F32;F7
RENAULT;KANGOO Express (FC0/1_);1.5 dCi / 75 / 85 / 90 / 110;Diesel;2008-02-01;;F41;F31;F4
RENAULT;KANGOO Express (FW0/1_);Z.E.;Electric;2011-10-01;;;F32;F7
RENAULT;KOLEOS I (HY_);2.0 dCi / 4x4;Diesel;2008-09-01;;;F32;F7
RENAULT;LAGUNA I (B56_, 556_);1.9 dCi, 1.9 dTi, 2.2 D, 2.2 dT;Diesel;1993-11-01;2001-03-01;;F32;F7
RENAULT;LAGUNA I (B56_, 556_);1.8, 1.8 16V, 2.0;Petrole;1993-11-01;2001-03-01;;F31;F4
RENAULT;LAGUNA I (B56_, 556_);1.6 16V;Petrole;1997-11-01;2001-03-01;;F30;F1
RENAULT;LAGUNA II (BG0/1_);1.9 dCi, 2.0 dCi, 2.2 dCi;Diesel;2001-03-01;2007-09-01;;FL652;F8
RENAULT;LAGUNA II (BG0/1_);1.8 16V (BG06, BG0J, BG0M, BG0J ), 2.0 16V;Petrole;2001-03-01;2007-12-01;;;F6
RENAULT;LAGUNA II Grandtour (KG0/1_);1.9 dCi, 2.0 dCi;Diesel;2001-03-01;2007-12-01;;FL652;F8
RENAULT;LAGUNA III (BT0/1);2.0 dCi;Diesel;2007-10-01;2015-12-01;;F42;F7
RENAULT;LAGUNA III (BT0/1);1.5 dCi;Diesel;2007-10-01;2015-12-01;F41;;F4
RENAULT;LAGUNA III Grandtour (KT0/1);2.0 dCi;Diesel;2007-10-01;2015-12-01;;F32;
RENAULT;LAGUNA III Grandtour (KT0/1);1.5 dCi (KT0A);Diesel;2007-10-01;2015-12-01;;F31;F4
RENAULT;MASTER II Box (FD);2.5 D, 2.5 dCi 100 / 120, 2.8 dTI, 3.0 dCi 120 / 160;Diesel;1998-07-01;;;FL1000;F10
RENAULT;MASTER II Box (FD);1.9 dCi 80, 1.9 dTI, 2.2 dCI 90;Diesel;2000-09-01;;;F32;F7
RENAULT;MASTER II Bus (JD);2.5 D, 2.5 dCi 120, 2.8 dTI, 3.0 dCi 140;Diesel;1998-07-01;2001-01-01;;FL1000;F10
RENAULT;MASTER II Bus (JD);1.9 dCi / 80, 2.2 dCI 90;Diesel;2000-09-01;;;F32;F7
RENAULT;MASTER III Box (FV);2.3 dCi 110, 130, 135, 165, 170 FWD;Diesel;2014-09-01;;;F43;
RENAULT;MASTER III Box (FV);2.5 D, 2.5 dCi 100 / 120, 2.8 dTI, 3.0 dCi 140;Diesel;2010-02-01;;;FL1000;F10
RENAULT;MASTER III Platform/ Chassis (EV, HV, UV);2.3 dCi 100 / 125 / 130 / 145 FWD, 125 / 130 / 145 RWD;Diesel;2010-02-01;;;FL1000;F10
RENAULT;MEGANE CC (EZ0/1_);1.5 dCi;Diesel;2010-06-01;;;F31;F4
RENAULT;MEGANE I (BA0/1_);1.9 D Eco, 1.9 dCi, 1.9 dTi;Diesel;1996-01-01;2003-08-01;;F32;F7
RENAULT;MEGANE I (BA0/1_);1.4 16V, 1.4 e, 1.4 Eco, 1.6 16V, 1.6 e;Petrole;1996-01-01;2003-08-01;;F30;F1
RENAULT;MEGANE II (BM0/1_, CM0/1_);1.5 dCi (BM0F, BM0T, BM2B, CM0F, CM0T, (BM1E, CM1E,BM1F, CM1F);Diesel;2002-09-01;2008-06-01;;;F6
RENAULT;MEGANE II (BM0/1_, CM0/1_);1.9 dCi;Diesel;2002-11-01;2009-12-01;;FL652;F8
RENAULT;MEGANE II (BM0/1_, CM0/1_);1.4 16V, 1.6 16V;Petrole;2002-11-01;2008-02-01;;F31;F4
RENAULT;MEGANE II Coupé-Cabriolet (EM0/1_);1.9 dCi;Diesel;2003-09-01;2009-03-01;;FL652;F8
RENAULT;MEGANE II Estate (KM0/1_);1.5 dCi (KM02, KM13);Diesel;2003-08-01;2009-07-01;;;F6
RENAULT;MEGANE II Estate (KM0/1_);1.9 dCi;Diesel;2003-08-01;2009-07-01;;FL652;F8
RENAULT;MEGANE II Hatchback Van (KM0/2_);1.5 dCi;Diesel;2003-08-01;2008-02-01;;F30;F1
RENAULT;MEGANE III Coupe (DZ0/1_);1.5 dCi (DZ09, DZ0D, DZ1F, DZ1G), 1.6 dCi (DZ00);Diesel;2009-02-01;;F41;;F4
RENAULT;MEGANE III Coupe (DZ0/1_);1.5 dCi (DZ0A, DZ0B, DZ0C, DZ1A);Diesel;2008-11-01;;;F31;F4
RENAULT;MEGANE III Grandtour (KZ0/1);1.5 dCi (KZ09, KZ0D, KZ1G);Diesel;2009-02-01;;F41;F31;F4
RENAULT;MEGANE III Grandtour (KZ0/1);1.5 dCi (KZ0C, KZ1A, KZ1M, KZ1W);Diesel;2009-03-01;;;F31;F4
RENAULT;MEGANE III Hatchback (BZ0/1_);1.5 dCi (BZ0C, BZ09, BZ0D, BZ1W);Diesel;2008-11-01;;;F31;
RENAULT;MEGANE III Hatchback (BZ0/1_);1.9 dCi (BZ0N, BZ0J), 2.0 dCi (BZ0L);Diesel;2008-11-01;;;F32;
RENAULT;MEGANE IV Grandtour (K9A/M/N_);1.5 dCi 90 / 110, 1.6 dCi 130 / 165;Diesel;2016-04-01;;;F32;
RENAULT;MEGANE IV Hatchback (B9A/M/N_);1.5 dCi 90 / 110, 1.6 dCi 130 / 165;Diesel;2015-11-01;;;F32;
RENAULT;MEGANE IV Hatchback (B9A/M/N_);1.2 TCe 100 / 130, 1.6 Tce 205;Petrole;2015-11-01;;;F32;
RENAULT;MEGANE Scenic (JA0/1_);1.9 D, 1.9 dTi;Diesel;1997-03-01;1999-09-01;;F32;F7
RENAULT;MEGANE Scenic (JA0/1_);1.4 i, 1.6 i / e;Petrole;1996-10-01;1999-09-01;;F30;F1
RENAULT;MEGANE Scenic (JA0/1_);1.9 dT;Diesel;1997-03-01;1999-08-01;;F31;F4
RENAULT;MEGANE Scenic (JA0/1_);1.6 16V;Petrole;1998-04-01;1999-10-01;;;F3
RENAULT;MODUS / GRAND MODUS (F/JP0_);1.5 dCi / 75 / 90;Diesel;2004-09-01;;;;F6
RENAULT;MODUS / GRAND MODUS (F/JP0_);1.2 / 16V, 1.4, 1.6;Petrole;2004-12-01;;;;F3
RENAULT;SCÉNIC I MPV (JA0/1_, FA0_);1.9 D / dCi / dTi /;Diesel;1999-09-01;2003-08-01;;;F6
RENAULT;SCÉNIC I MPV (JA0/1_, FA0_);1.6 (JA00, JA16, JA15, JA19, JA1V, JA2B, JA2C, JA0B);Petrole;1999-09-01;2003-09-01;;F30;F1
RENAULT;SCÉNIC I MPV (JA0/1_, FA0_);1.8 16V, 2.0 16V / RX4;Petrole;1999-09-01;2003-08-01;;;F6
RENAULT;SCÉNIC I MPV (JA0/1_, FA0_);1.4 16V, 1.6;Petrole;1999-09-01;2003-08-01;;;F6
RENAULT;SCÉNIC II (JM0/1_);1.5 dCi (JM02, JM13), 1.9 dCi, 2.0 dCi;Diesel;2003-06-01;;;FL652;F8
RENAULT;SCÉNIC II (JM0/1_);1.5 dCi (JM0F, JM16, JM1F);Diesel;2003-06-01;;;;F6
RENAULT;SCÉNIC II (JM0/1_);1.5 dCi (JM1E);Diesel;2005-05-01;;;F32;F7
RENAULT;SCÉNIC II (JM0/1_);1.6 / 16V, 2.0;Petrole;2003-06-01;;;;F6
RENAULT;SCÉNIC III (JZ0/1_);1.5 dCi;Diesel;2009-02-01;;F41;F31;F4
RENAULT;SCÉNIC III (JZ0/1_);1.5 dCi (JZ02, JZ0R);Diesel;2009-04-01;;;;F6
RENAULT;SCÉNIC III (JZ0/1_);1.6 dCi;Diesel;2011-04-01;;;F41;
RENAULT;SCÉNIC III (JZ0/1_);1.9 dCi;Diesel;2009-02-01;;;F32;F7
RENAULT;SCÉNIC IV (J9_);1.5 dCi 95 / 110 , 1.6 dCi 130 / 160;Diesel;2016-09-01;;;F32;
RENAULT;TALISMAN (L2M_);1.5 dCi 110, 1.6 dCi 130 / 160;Diesel;2015-06-01;;;F32;
RENAULT;TRAFIC Box (TXX);1.9 D, 2.1 D, 2.5 D;Diesel;1989-05-01;2001-03-01;;F32;F7
RENAULT;TRAFIC Bus (TXW);1.9 D, 2.1 D, 2.5 D;Diesel;1994-06-01;2001-03-01;;F32;F7
RENAULT;TRAFIC II Box (FL);2.0 dCi 90 / 115 (FL01, FL0U);Diesel;2006-08-01;;;FL652;F8
RENAULT;TRAFIC II Box (FL);2.5 dCi 145 (FL0J);Diesel;2006-08-01;;;F42;FL800
RENAULT;TRAFIC II Box (FL);1.9 dCi 100 (FL0C);Diesel;2001-03-01;;;F32;F7
RENAULT;TRAFIC II Bus (JL);2.0 dCi 90 / 115;Diesel;2006-08-01;;;FL652;F8
RENAULT;TRAFIC II Platform/ Chassis (EL);2.0 dCi 90 / 115;Diesel;2006-08-01;;F41;F32;F8
RENAULT;TRAFIC III Box (FG_);1.6 dCi 125 / 145;Diesel;2015-07-01;;;F32;
RENAULT;TRAFIC III Bus (JG_);1.6 dCi 90 / 125 / 145;Diesel;2015-07-01;;;F32;
RENAULT;TWINGO I (C06_);1.2 / 16V;Petrole;1993-03-01;2007-06-01;;F30;F1
RENAULT;TWINGO I Box (S06_);1.2;Petrole;1993-03-01;2004-08-01;;F30;F1
RENAULT;TWINGO II (CN0_);1.2 / 16V / Turbo, 1.6 RS;Petrole;2007-03-01;;;;F3
RENAULT;TWINGO II (CN0_);1.5 dCi / 75 / 90;Diesel;2007-03-01;;;F31;F4
RENAULT;TWINGO III (BCM_);1.0 SCe 70;Petrole;2014-09-01;;;F31;F1
RENAULT;TWINGO III (BCM_);0.9 Tce 90 / 110;Petrole;2014-09-01;;;F31;
RENAULT;VEL SATIS (BJ0_);2.0 dCi, 2.2 dCi, 3.0 dCi;Diesel;2002-06-01;;;FL800;F12
RENAULT;ZOE (BFM_);ZOE;Electric;2012-06-01;;;F30;F1
SEAT;ALTEA (5P1);1.6 TDI;Diesel;2004-04-01;;F41;F32;F7
SEAT;IBIZA II (6K1);1.9 D / TDI / SDI;Diesel;1993-04-01;2002-02-01;;FL652;F8
SEAT;IBIZA II (6K1);1.0 / i, 1.4i;Petrol;1993-03-01;2002-02-01;;F30;F1
SEAT;IBIZA III (6L1);1.4 TDI;Diesel;2002-05-01;2009-11-01;;F31;F4
SEAT;IBIZA III (6L1);1.9 SDI;Diesel;2002-02-01;2009-11-01;;F32;F7
SEAT;IBIZA III (6L1);1.2 / 12V, 1.4 16V;Petrole;2002-02-01;2009-11-01;;F30;F1
SEAT;IBIZA IV (6J5, 6P1);1.0, 1.2 / TSI, 1.4;Petrole;2008-03-01;;F40;F30;F1
SEAT;IBIZA IV (6J5, 6P1);1.2 TDI;Diesel;2010-05-01;;F40;;F1
SEAT;LEON (1P1);1.6 TDI, 1.9 TDI, 2.0 TDI / 16V;Diesel;2005-07-01;2012-12-01;F41;F32;F7
SKODA;FABIA II (542);1.4 TDI, 1.6 TDI;Diesel;2007-01-01;2014-12-01;F40;F31;F4
SKODA;OCTAVIA I (1U2);1.9 TDI;Diesel;1996-09-01;2010-12-01;F41;F32;F7
SKODA;YETI (5L);2.0 TDI / TDI 4x4;Diesel;2009-05-01;2017-12-01;F41;F32;F7
SMART;FORTWO Cabrio (451);1.0, 1.0 Turbo, 1.0 Turbo Brabus;Petrole;2007-01-01;;F40;F30;F1
SMART;FORTWO Coupe (450);0.7;Petrole;2004-01-01;2007-01-01;;F30;F1
SMART;FORTWO Coupe (451);1.0 / Turbo / Brabus;Petrole;2007-01-01;;F40;F30;F1
SMART;FORTWO Coupe (453);0.9, 1.0;Petrole;2014-09-01;;F40;;
SUZUKI;GRAND VITARA II (JT, TE, TD);1.9 DDiS / All-wheel Drive;Diesel;2006-03-01;2008-08-01;;;F7
SUZUKI;JIMNY Closed Off-Road Vehicle (SN);1.5 DDiS 4WD / 4x4;Diesel;2003-12-01;;;FL604;
SUZUKI;SWIFT III (MZ, EZ);1.3 / 4x4, 1.6;Petrole;2005-02-01;;;;F3
SUZUKI;SWIFT IV (FZ, NZ);1.2, 1.6;Petrole;2010-10-01;;;F30;F1
SUZUKI;SX4 (EY, GY) | SX4 CLASSIC;1.9 D All-wheel Drive, 2.0 TD Intercooler All-wheel Drive;Diesel;1995-01-01;1998-03-01;;;F7
SUZUKI;VITARA (ET, TA, TD);2.5 CRDi;Diesel;2002-08-01;;;FL955;
SUZUKI;VITARA (LY);1.6 DDiS / AllGrip;Diesel;2015-02-01;;;F32;
TOYOTA;AURIS (_E15_) | COROLLA;1.4 D-4D;Diesel;2007-03-01;2012-09-01;;F31;F4
TOYOTA;AURIS (_E15_) | COROLLA;2.0 D-4D;Diesel;2007-03-01;2012-09-01;;F32;
TOYOTA;AURIS (_E15_) | COROLLA;1.8 Hybrid;Petrole/Electro;2010-09-01;2012-09-01;;;F7
TOYOTA;AURIS (_E18_);1.8 Hybrid;Electro;2012-10-01;2018-12-01;;;F7
TOYOTA;AVENSIS (_T25_);2.0 D-4D (ADT250_);Diesel;2003-04-01;2008-11-01;;F32;F7
TOYOTA;AYGO (_B4_);1.0 (KGB40);Petrole;2014-05-01;;;F30;F1
TOYOTA;COROLLA (_E12_) | COROLLA / ALLEX;1.4 D, 2.0 D-4D;Diesel;2002-01-01;2007-02-01;;F32;F7
TOYOTA;HILUX VII Pickup (_N1_, _N2_, _N3_) | HILUX VIGO;2.5 D 4WD / D-4D 4WD, 3.0 D-4D 4WD;Diesel;2005-03-01;2015-05-01;;FL955;
TOYOTA;LAND CRUISER 90 (_J9_) | LAND CRUISER COLORADO;2.8 D-4D, 3.0 D-4D;Diesel;1996-04-01;2002-12-01;;FL954;
TOYOTA;LAND CRUISER PRADO (_J15_);2.8 D-4D, 3.0 D-4D;Diesel;2009-08-01;;;FL954;
TOYOTA;RAV 4 II (_A2_);2.0 D 4WD;Diesel;2001-05-01;2005-11-01;;FL954;
TOYOTA;RAV 4 III (_A3_);2.2 D / 4WD;Diesel;2006-02-01;2013-06-01;;FL954;
TOYOTA;RAV 4 IV (_A4_);2.0 D / 4WD;Diesel;2012-12-01;;;FL954;
TOYOTA;RAV 4 IV (_A4_);2.5 Hybrid / 4WD;Petrole/Electro;2015-10-01;;;;F7
TOYOTA;VERSO (_R2_);2.0 D-4D;Diesel;2009-04-01;;;FL800;F12
TOYOTA;VERSO (_R2_);1.6 D4-D;Diesel;2013-11-01;;;FL800;
TOYOTA;YARIS (_P1_) | YARIS/VITZ | ECHO;1.3;Petrole;1999-11-01;2005-10-01;;;F3
TOYOTA;YARIS (_P1_) | YARIS/VITZ | ECHO;1.0;Petrole;2003-03-01;2005-09-01;;;F3
TOYOTA;YARIS (_P13_) | YARIS/VITZ;1.5 Hybrid;Petrole/Electro;2012-03-01;;;;F7
TOYOTA;YARIS (_P13_) | YARIS/VITZ;1.0, 1.3, 1.5;Petrole;2010-12-01;;;F31;F1
TOYOTA;YARIS (_P13_) | YARIS/VITZ;1.4 D;Diesel;2011-09-01;;;F31;F4
TOYOTA;YARIS (_P9_) | YARIS/VITZ;1.4 D-4D;Diesel;2005-08-01;2012-12-01;;F31;F4
TOYOTA;YARIS (_P9_) | YARIS/VITZ;1.0 VVT-i, 1.3 VVT-i;Petrole;2005-08-01;2011-12-01;;F30;F1
VOLKSWAGEN;CADDY III Box (2KA, 2KH, 2CA, 2CH);1.9 TDI, 2.0 SDI, TDI 16V, TDI 4motion;Diesel;2004-04-01;2015-05-01;F41;F32;F7
VOLKSWAGEN;EOS (1F7, 1F8);2.0 TDI / 16V;Diesel;2006-06-01;2015-08-01;F41;F32;F7
VOLKSWAGEN;FOX Hatchback (5Z1, 5Z3, 5Z4);1.2, 1.4;Petrole;2005-04-01;2011-07-01;;F30;F1
VOLKSWAGEN;GOLF III (1H1);1.9 D / TD / GTD / TDI / SDI /;Diesel;1991-11-01;1997-08-01;;F32;F7
VOLKSWAGEN;GOLF III (1H1);1.4;Petrole;1991-10-01;1997-08-01;;F30;F1
VOLKSWAGEN;GOLF IV (1J1);1.9 SDI / TDI / TDI 4motion;Diesel;1997-08-01;2005-06-01;;F32;F7
VOLKSWAGEN;GOLF IV (1J1);1.4 16V, 1.6 16V, 1.6 FSI, 1.6;Petrole;1997-10-01;2005-06-01;;F30;F1
VOLKSWAGEN;GOLF PLUS (5M1, 521);1.9 TDI, 2.0 TDI / TDI 16V;Diesel;2005-01-01;2013-12-01;;F32;F7
VOLKSWAGEN;GOLF V (1K1);1.9 TDI, 2.0 TDI / TDI 16V;Diesel;2003-10-01;2008-11-01;;F32;F7
VOLKSWAGEN;GOLF VI (5K1);1.6 TDI;Diesel;2009-02-01;2012-11-01;F41;F31;F4
VOLKSWAGEN;GOLF VI (5K1);2.0 TDI / TDI 4motion;Diesel;2008-10-01;2013-05-01;;F32;F7
VOLKSWAGEN;GOLF VI (5K1);1.4, 1.4 TSI;Petrole;2008-10-01;2012-11-01;F40;F30;F1
VOLKSWAGEN;GOLF VII (5G1, BQ1, BE1, BE2);1.6 TDI / 4motion, 2.0 TDI 4motion;Diesel;2012-08-01;;;F32;
VOLKSWAGEN;GOLF VII (5G1, BQ1, BE1, BE2);1.0 TSI, 1.2 TSI, 1.4, TSI, 1.5 TSI;Petrole;2015-05-01;;;F31;F4
VOLKSWAGEN;GOLF VII Variant (BA5, BV5);1.6 TDI;Diesel;2013-05-01;;;F32;F7
VOLKSWAGEN;PASSAT (3C2);1.9 TDI, 2.0 TDI / TDI 16V;Diesel;2005-03-01;2010-11-01;;F32;F7
VOLKSWAGEN;PASSAT Variant (3C5);1.6 TDI, 1.9 TDI, 2.0 TDI / 16V;Diesel;1996-04-01;2010-11-01;F41;F32;F7
VOLKSWAGEN;POLO (6N1);55 1.4, 60 1.4, 60 1.6;Petrole;1994-10-01;1999-10-01;;;F3
VOLKSWAGEN;POLO (6N2);1.4;Petrole;1999-10-01;2001-09-01;;;F3
VOLKSWAGEN;POLO (6R1, 6C1);1.2 TDI, 1.4TDI, 1.6TDI;Diesel;2009-06-01;;F40;F31;F4
VOLKSWAGEN;POLO (6R1, 6C1);1.2 TSI , TSI 16V;Petrole;2014-01-01;;F40;;
VOLKSWAGEN;POLO (6R1, 6C1);1.2, 1.2 TSI;Petrole;2011-05-01;2014-05-01;F40;F30;F1
VOLKSWAGEN;POLO (6R1, 6C1);1.4 (6R1);Petrole;2009-03-01;2014-05-01;;F30;F1
VOLKSWAGEN;POLO (9N_);1.2, 1.2 12V, 1.4 16V;Petrole;2001-10-01;2009-11-01;;F30;F1
VOLKSWAGEN;POLO (9N_);1.4 TDI, 1.9 SDI, 1.9 TDI;Diesel;2001-10-01;2009-11-01;F40;F31;F4
VOLKSWAGEN;POLO (AW1, BZ1);1.0 / TSI;Petrole;2017-06-01;;F40;F30;F1
VOLKSWAGEN;SCIROCCO (137, 138);2.0 TDI;Diesel;2008-08-01;2017-11-01;F41;F32;F7
VOLKSWAGEN;SHARAN (7M8, 7M9, 7M6);1.9 TDI, 2.0 TDI;Diesel;1995-09-01;2010-03-01;;F42;FL800
VOLKSWAGEN;TIGUAN (5N_);2.0 TDI / TDI 4motion;Diesel;2007-09-01;2018-07-01;F41;F32;F7
VOLKSWAGEN;TIGUAN (AD1);2.0 TDI / TDI 4motion;Diesel;2016-01-01;;;F32;
VOLKSWAGEN;TIGUAN ALLSPACE (BW2);2.0 TDI;Diesel;2017-06-01;;;F41;
VOLKSWAGEN;TOUAREG (7LA, 7L6, 7L7);2.5 R5 TDI, 3.0 V6 TDI, 5.0 V10 TDI;Diesel;2002-10-01;2010-05-01;;F43;FL1000
VOLKSWAGEN;TOUAREG (7P5, 7P6);3.0 V6 TDI;Diesel;2010-01-01;2018-03-01;;F43;
VOLKSWAGEN;TOURAN (1T1, 1T2);1.9 TDI, 2.0 TDI / TDI 16V;Diesel;2003-02-01;2010-05-01;F41;F32;F7
VOLKSWAGEN;TOURAN (1T3);1.6 TDI;Diesel;2010-05-01;2015-05-01;F41;F31;F4
VOLKSWAGEN;TOURAN (1T3);2.0 TDI;Diesel;2010-05-01;2015-05-01;;F32;F7
VOLKSWAGEN;TOURAN (5T1);1.6 TDI;Diesel;2015-05-01;2016-05-01;;F32;
VOLKSWAGEN;TOURAN (5T1);2.0 TDI;Diesel;2015-05-01;;;F41;
VOLKSWAGEN;TRANSPORTER IV Box (70A, 70H, 7DA, 7DH);1.9 D, 2.4 D / TD;Diesel;1990-07-01;2003-04-01;;F32;F7
VOLKSWAGEN;T-ROC (A11);1.0 TSI, 1.5 TSI;Petrole;2017-07-01;;;F31;
VOLVO;V40 Hatchback (525, 526);D2, D3, D4;Diesel;2012-03-01;;;F41;
VOLVO;XC90 I (275);D5 AWD;Diesel;2002-10-01;2014-12-01;;F43;FL1000