ID,Brand,Model,Year,BulbType,Position,PartNumber,Source
1,"ALFA ROMEOALFA ROMEO145 (930_) 07/94-01/01 STANDARD H1 H1 - W5W H3 PY21W PY21W P21/5W P21/5W W5W 6411 6411","C5W","6411","H1","Unknown","ROMEOALFA","OSRAM Guide"
2,"ALFA ROMEOALFA ROMEO145 (930_) 07/94-01/01 STANDARD H1 H1 - W5W H3 PY21W PY21W P21/5W P21/5W W5W 6411 6411","T4W","6411","H3","Unknown","","OSRAM Guide"
3,"ALFA ROMEOALFA ROMEO145 (930_) 07/94-01/01 STANDARD H1 H1 - W5W H3 PY21W PY21W P21/5W P21/5W W5W 6411 6411","PY21WP21W P21/5W P21/5W W5W  -","6411","H1","Unknown","GIULIETTA","OSRAM Guide"
4,"ALFA ROMEOALFA ROMEO145 (930_) 07/94-01/01 STANDARD H1 H1 - W5W H3 PY21W PY21W P21/5W P21/5W W5W 6411 6411","< /09, Xenon H7 H7 - ** H8/HB4 P21W/","2000","H1","Unknown","PY21WP21W","OSRAM Guide"
5,"ALFA ROMEOALFA ROMEO145 (930_) 07/94-01/01 STANDARD H1 H1 - W5W H3 PY21W PY21W P21/5W P21/5W W5W 6411 6411","< /09, Xenon D2S HB3 - W5W H3 P21W/","1998","H1","Unknown","","OSRAM Guide"
6,"ALFA ROMEOALFA ROMEO145 (930_) 07/94-01/01 STANDARD H1 H1 - W5W H3 PY21W PY21W P21/5W P21/5W W5W 6411 6411","< /09, Xenon D2S H7 - W5W H11 P21W/","2001","H1","Unknown","PY21WP21","OSRAM Guide"
7,"ALFA ROMEOALFA ROMEO145 (930_) 07/94-01/01 STANDARD H1 H1 - W5W H3 PY21W PY21W P21/5W P21/5W W5W 6411 6411","< /03, Halogen H7 H7 - W5W H11 P21W/","2003","PY21W","Unknown","PY21WLED","OSRAM Guide"
8,"ALFA ROMEOALFA ROMEO145 (930_) 07/94-01/01 STANDARD H1 H1 - W5W H3 PY21W PY21W P21/5W P21/5W W5W 6411 6411","< /03, Xenon D2S H7 - W5W H11 P21W/","2003","H8","Unknown","","OSRAM Guide"
9,"ALFA ROMEOALFA ROMEO145 (930_) 07/94-01/01 STANDARD H1 H1 - W5W H3 PY21W PY21W P21/5W P21/5W W5W 6411 6411","PY21WP21/4W P21/4W C5W C5W/**","6411","H8","Unknown","","OSRAM Guide"
10,"ALFA ROMEOALFA ROMEO145 (930_) 07/94-01/01 STANDARD H1 H1 - W5W H3 PY21W PY21W P21/5W P21/5W W5W 6411 6411","PY21WLED LED W5W W5W","6411","H7","Unknown","LEDLED","OSRAM Guide"
11,"ALFA ROMEOALFA ROMEO145 (930_) 07/94-01/01 STANDARD H1 H1 - W5W H3 PY21W PY21W P21/5W P21/5W W5W 6411 6411","PY21WR5W P21W C5W  6411ALPINA","6411","H7","Unknown","ALPINA","OSRAM Guide"
12,"ROADSTER S (E85) 07/03-12/05 HALOGEN H7 H7 - W5W H11 P21W P21W/","LEDP21W LED **","6411","H7","Unknown","PY21WP21W","OSRAM Guide"
13,"ALPINEALPINE / AUDIA110 II 12/17->> STANDARD LED LED LED LED - LED LED LED LED LED LED LED","PY21WP21W P21/5W P21/5W T4W  C5W","6411","H1","Headlight","ALPINEALPINE","OSRAM Guide"
14,"ALPINEALPINE / AUDIA110 II 12/17->> STANDARD LED LED LED LED - LED LED LED LED LED LED LED","PY21WP21W P21/5W P21/5W T4W  6411","6411","H4","Unknown","","OSRAM Guide"
15,"ALPINEALPINE / AUDIA110 II 12/17->> STANDARD LED LED LED LED - LED LED LED LED LED LED LED","W5WH3 P21W P21W P21/5W P21/5W T4W  C5W","6411","H3","Headlight","5WR10W","OSRAM Guide"
16,"ALPINEALPINE / AUDIA110 II 12/17->> STANDARD LED LED LED LED - LED LED LED LED LED LED LED","< , Halogen H7 H15 H15 H15 H8 HY21W WY16W/","2015","H1","Unknown","LEDC5W","OSRAM Guide"
17,"LEDLED W5W/LED LEDAUDIAVEC PHARE PRINCIPAL À ÉCLAIRAGE INTÉGRAL","> , Halogen, avec phares","2000","H4","Unknown","LEDLED","OSRAM Guide"
18,"LEDLED W5W/LED LEDAUDIAVEC PHARE PRINCIPAL À ÉCLAIRAGE INTÉGRAL","< , Halogen H1 H7 - W5W H7 PY21W P21W/","2001","H7","Unknown","","OSRAM Guide"
19,"LEDLED W5W/LED LEDAUDIAVEC PHARE PRINCIPAL À ÉCLAIRAGE INTÉGRAL","< , Bi-Xenon D5S D5S LED LED - ** WY16W/","2017","W5W","Unknown","LEDLED","OSRAM Guide"
20,"LEDLED W5W/LED LEDAUDIAVEC PHARE PRINCIPAL À ÉCLAIRAGE INTÉGRAL","> , Bi-Xenon D3S D3S LED LED - ** RY10W/","2016","LED","Unknown","LEDLED","OSRAM Guide"
21,"LEDLED W5W/LED LEDAUDIAVEC PHARE PRINCIPAL À ÉCLAIRAGE INTÉGRAL","PY21WP21W P21W P21W C5W /","6411","H11","Unknown","W5WC5W","OSRAM Guide"
22,"TIPO/VERSIONEAUDIA4 (8K2, B8) 11/07-12/15 > 2012, HALOGEN H7 H7 P13W P13W H11 ** P21W/","< , Halogen H7 H7 PSX26W PSX26W H8 ** P21W/","2013","LED","Unknown","LEDLED","OSRAM Guide"
23,"TIPO/VERSIONEAUDIA4 (8K2, B8) 11/07-12/15 > 2012, HALOGEN H7 H7 P13W P13W H11 ** P21W/","< , Bi-Xenon D3S D3S LED LED H8 ** P21W/","2013","H8","Unknown","","OSRAM Guide"
24,"TIPO/VERSIONEAUDIA4 (8K2, B8) 11/07-12/15 > 2012, HALOGEN H7 H7 P13W P13W H11 ** P21W/","< , Halogen H7 H7 PSX26W PSX26W H8 ** PY21W/","2013","C5W","Unknown","WY16WLED","OSRAM Guide"
25,"TIPO/VERSIONEAUDIA4 (8K2, B8) 11/07-12/15 > 2012, HALOGEN H7 H7 P13W P13W H11 ** P21W/","< , Bi-Xenon D3S D3S LED LED H11 ** PY21W/","2013","H8","Unknown","","OSRAM Guide"
26,"TIPO/VERSIONEAUDIA4 (8K2, B8) 11/07-12/15 > 2012, HALOGEN H7 H7 P13W P13W H11 ** P21W/","< , Bi-Xenon D3S D3S LED LED H8 ** PY21W/","2013","H8","Unknown","","OSRAM Guide"
27,"TIPO/VERSIONEAUDIA4 (8K2, B8) 11/07-12/15 > 2012, HALOGEN H7 H7 P13W P13W H11 ** P21W/","< , Halogen H7 H7 PSX26W PSX26W H8 ** WY16W/","2012","LED","Unknown","LEDLED","OSRAM Guide"
28,"TIPO/VERSIONEAUDIA4 (8K2, B8) 11/07-12/15 > 2012, HALOGEN H7 H7 P13W P13W H11 ** P21W/","< , Bi-Xenon D3S D3S LED LED H8 ** WY16W/","2012","LED","Unknown","","OSRAM Guide"
29,"TIPO/VERSIONEAUDIA4 (8K2, B8) 11/07-12/15 > 2012, HALOGEN H7 H7 P13W P13W H11 ** P21W/","LEDC5W C5W X","6486","H7","Unknown","C5WC5W","OSRAM Guide"
30,"TIPO/VERSIONEAUDIA4 (8K2, B8) 11/07-12/15 > 2012, HALOGEN H7 H7 P13W P13W H11 ** P21W/","LEDC5W C5W XModèle/","6486","H1","Unknown","","OSRAM Guide"
31,"LEDC5W C5W 6486XAUDI< 2009, BI-XENON D3S D3S LED LED H11 PY21W PY21W P21W/","< , Bi-Xenon, avec éclairage","2009","H11","Unknown","LEDC5W","OSRAM Guide"
32,"LEDC5W C5W 6486XAUDI< 2009, BI-XENON D3S D3S LED LED H11 PY21W PY21W P21W/","< , Bi-Xenon D5S D5S LED LED - ** PY21W/","2015","W5W","Unknown","","OSRAM Guide"
33,"LEDC5W C5W 6486XAUDI< 2009, BI-XENON D3S D3S LED LED H11 PY21W PY21W P21W/","LEDC5W  W5W","6411","H7","Unknown","","OSRAM Guide"
34,"LEDC5W C5W 6486XAUDI< 2009, BI-XENON D3S D3S LED LED H11 PY21W PY21W P21W/","< /06, Bi-Xenon, avec éclairage","2008","H7","Unknown","","OSRAM Guide"
35,"LEDC5W C5W 6486XAUDI< 2009, BI-XENON D3S D3S LED LED H11 PY21W PY21W P21W/","LEDLED  W5W","6411","W5W","Unknown","","OSRAM Guide"
36,"LEDC5W C5W 6486XAUDI< 2009, BI-XENON D3S D3S LED LED H11 PY21W PY21W P21W/","C5WX","6486","H1","Unknown","LED8LED","OSRAM Guide"
37,"LEDC5W C5W 6486XAUDI< 2009, BI-XENON D3S D3S LED LED H11 PY21W PY21W P21W/","PY21WP21W R5W P21/5W T4W  C5W","6411","LED","Unknown","CABRIOLET","OSRAM Guide"
38,"TIPO/VERSIONEAUDIQ2 (GAB, GAG) 06/16->> HALOGEN H7 H7 ** ** - ** P21W/","< , Bi-Xenon D5S D5S LED LED - ** WY16W/","2015","LED","Unknown","LEDLED","OSRAM Guide"
39,"TIPO/VERSIONEAUDIQ2 (GAB, GAG) 06/16->> HALOGEN H7 H7 ** ** - ** P21W/","< , Bi-Xenon D3S D3S LED LED H11 LED P21W/","2010","H1","Unknown","WY16WC5W","OSRAM Guide"
40,"LEDLED W5W/LED C5WBMWLED LED LED LED LED H8/LED LED PY21W LED P21W/","LEDP21W W5W/LED P21W LED W5W/LED /LED","6411","H1","Unknown","LEDLED","OSRAM Guide"
41,"LEDLED W5W/LED C5WBMWLED LED LED LED LED H8/LED LED PY21W LED P21W/","< /09 H7 H7 - W5W H1 P21W/","1994","H7","Unknown","LED3LED","OSRAM Guide"
42,"LEDLED W5W/LED C5WBMWLED LED LED LED LED H8/LED LED PY21W LED P21W/","< , Xenon D2S H7 - W5W H11/HB4 P21W/","2002","H1","Unknown","","OSRAM Guide"
43,"LEDLED W5W/LED C5WBMWLED LED LED LED LED H8/LED LED PY21W LED P21W/","LEDP21W C5W/LED **","6411","H11","Unknown","","OSRAM Guide"
44,"LEDLED W5W/LED C5WBMWLED LED LED LED LED H8/LED LED PY21W LED P21W/","< /09, Halogen H7 H7 - ** H8/HB4 ** P21W/","2008","H8","Unknown","","OSRAM Guide"
45,"LEDLED W5W/LED C5WBMWLED LED LED LED LED H8/LED LED PY21W LED P21W/","< , Halogen H7 H7 LED LED H8/LED PY21W P21W/","2015","PY21W","Unknown","","OSRAM Guide"
46,"LEDLED W5W/LED C5WBMWLED LED LED LED LED H8/LED LED PY21W LED P21W/","PY21WR10W P21/5W C5W **","6411","H3","Unknown","","OSRAM Guide"
47,"LEDLED W5W/LED C5WBMWLED LED LED LED LED H8/LED LED PY21W LED P21W/","PY21WR5W P21W C5W **","6411","H7","Unknown","PY21WP21","OSRAM Guide"
48,"LEDLED W5W/LED C5WBMWLED LED LED LED LED H8/LED LED PY21W LED P21W/","< /03, Xenon D2S H7 - W5W H11/HB4 P21W/","2003","H1","Unknown","","OSRAM Guide"
49,"LEDLED W5W/LED C5WBMWLED LED LED LED LED H8/LED LED PY21W LED P21W/","LED** ** LED **","6411","W5W","Unknown","","OSRAM Guide"
50,"TIPO/VERSIONEBMW3 COUPE (E46) 04/99-07/06 > 2001/08, HALOGEN H7 H7 - W5W HB4 P21W/","C5WBMW","6411","H7","Unknown","","OSRAM Guide"
51,"TIPO/VERSIONEBMW3 COUPE (E46) 04/99-07/06 > 2001/08, HALOGEN H7 H7 - W5W HB4 P21W/","LED** ** C5W/LED **","6411","H8","Unknown","","OSRAM Guide"
52,"TIPO/VERSIONEBMW3 COUPE (E46) 04/99-07/06 > 2001/08, HALOGEN H7 H7 - W5W HB4 P21W/","PY21WR5W P21/5W C5W /","6411","H7","Unknown","LEDLED","OSRAM Guide"
53,"TIPO/VERSIONEBMW3 COUPE (E46) 04/99-07/06 > 2001/08, HALOGEN H7 H7 - W5W HB4 P21W/","PY21WP21W P21W C5W C5W/**","6411","H1","Unknown","","OSRAM Guide"
54,"TIPO/VERSIONEBMW3 COUPE (E46) 04/99-07/06 > 2001/08, HALOGEN H7 H7 - W5W HB4 P21W/","LEDLED **","6411","LED","Unknown","","OSRAM Guide"
55,"TIPO/VERSIONEBMW3 COUPE (E46) 04/99-07/06 > 2001/08, HALOGEN H7 H7 - W5W HB4 P21W/","< /09, Xenon D2S H7 - ** H8/HB4 P21W/","2000","H7","Unknown","","OSRAM Guide"
56,"TIPO/VERSIONEBMW3 COUPE (E46) 04/99-07/06 > 2001/08, HALOGEN H7 H7 - W5W HB4 P21W/","< , Bi-Xenon D1S H7 - ** HB4/H8 PY21W PY21W/","2005","H8","Unknown","","OSRAM Guide"
57,"PY21WR5W P21W C5W 6411 6411BMW> 2000/08, XENON D2S HB3 - H6W H7/HB4 P21W/","LED**/LED LED LED LED LED W5W","6411","PY21W","Unknown","PY21WR5W","OSRAM Guide"
58,"PY21WR5W P21W C5W 6411 6411BMW> 2000/08, XENON D2S HB3 - H6W H7/HB4 P21W/","< /09 D2S HB3 - W5W H3 P21W/","1998","H3","Unknown","","OSRAM Guide"
59,"PY21WR5W P21W C5W 6411 6411BMW> 2000/08, XENON D2S HB3 - H6W H7/HB4 P21W/","< /03, Xenon D1S D1S - ** HB4 P21W/","2005","H8","Unknown","","OSRAM Guide"
60,"I8 ROADSTER (I15) 03/18->> STANDARD LED LED LED LED - LED LED LED LED LED LED LED","< /09, Xenon D1S H7 - ** H11 ** P21W/","2006","H7","Unknown","LED3LED","OSRAM Guide"
61,"TIPO/VERSIONEBMWX4 (F26) 04/14->> HALOGEN H7 H7 W21W W5W H8/LED P21W P21W LED ** LED ** LED","< /10, Halogen H7 H1 - ** H11 P21W/","2003","C5W","Unknown","PY21WP21W","OSRAM Guide"
62,"TIPO/VERSIONEBMWX4 (F26) 04/14->> HALOGEN H7 H7 W21W W5W H8/LED P21W P21W LED ** LED ** LED","< /10, Xenon D2S H1 - ** H11 P21W/","2003","H1","Unknown","","OSRAM Guide"
63,"TIPO/VERSIONEBMWX4 (F26) 04/14->> HALOGEN H7 H7 W21W W5W H8/LED P21W P21W LED ** LED ** LED","> /05, Bi-Xenon, sans éclairage","2010","H1","Unknown","WY16WC5W","OSRAM Guide"
64,"TIPO/VERSIONEBMWX4 (F26) 04/14->> HALOGEN H7 H7 W21W W5W H8/LED P21W P21W LED ** LED ** LED","> /05, Bi-Xenon, avec éclairage","2010","H8","Unknown","","OSRAM Guide"
65,"Z3 ROADSTER (E36) 10/95-01/03 STANDARD H7/HB4 HB3 - W5W H7 P21W/","PY21WR5W P21W R10W **","6411","H7","Unknown","LED3LED","OSRAM Guide"
66,"Z3 ROADSTER (E36) 10/95-01/03 STANDARD H7/HB4 HB3 - W5W H7 P21W/","PY21WR5W P21W W5W C5W","6411","H1","Unknown","","OSRAM Guide"
67,"DS5 11/11-07/15 HALOGEN H7 H1 LED LED H11 HY21W PY21W LED P21W W5W ** W5W","< /06 H7 H7 W21/5W/","2014","H1","Unknown","JUMPER","OSRAM Guide"
68,"SANDERO 06/08->> STANDARD H4 H4 - W5W H11 PY21W PY21W P21/5W P21/5W W5W W5W C5WCITROËN","PY21WP21/5W P21/5W W5W **","6411","H3","Unknown","LACETTI","OSRAM Guide"
69,"SANDERO 06/08->> STANDARD H4 H4 - W5W H11 PY21W PY21W P21/5W P21/5W W5W W5W C5WCITROËN","W5WP21/5W W5W **","6411","H3","Unknown","LEGANZA","OSRAM Guide"
70,"SANDERO 06/08->> STANDARD H4 H4 - W5W H11 PY21W PY21W P21/5W P21/5W W5W W5W C5WCITROËN","PY21WP21/5W P21/5W W5W /","6411","H1","Headlight","DAIHATSUDAIH","OSRAM Guide"
71,"TIPO/VERSIONEFIATDUCATO PANORAMA","LEDH11 WY21W PY21W P21/5W P21/5W C5W  -DODGE","6411","H4","Unknown","DUCATO","OSRAM Guide"
72,"TIPO/VERSIONEFIATDUCATO PANORAMA","LEDH11 WY21W PY21W P21/5W P21/5W R5W  -","6411","H3","Unknown","FIORINO","OSRAM Guide"
73,"TIPO/VERSIONEFIATDUCATO PANORAMA","LEDH11 PY21W PY21W P21/5W P21/5W C5W  W5W","6411","H4","Unknown","MULTIPLA","OSRAM Guide"
74,"TIPO/VERSIONEFIATDUCATO PANORAMA","< , avec phare double6H1 H1 - W5W H1 P21W/","2004","H1","Unknown","PY21WP21W","OSRAM Guide"
75,"TIPO/VERSIONEFIATDUCATO PANORAMA","< ,avec phare simple4H4 H4 - W5W H1 P21W/","2004","H1","Unknown","","OSRAM Guide"
76,"TIPO/VERSIONEFIATDUCATO PANORAMA","W5W -","6411","H1","Headlight","4WP21W","OSRAM Guide"
77,"TIPO/VERSIONEFIATDUCATO PANORAMA","W5W -Modèle/","6411","H4","Unknown","TALENTO","OSRAM Guide"
78,"PR21/5WW5W ** W5WFORDHALOGEN, AVEC TECHNOLOGIE LED9H7 H1 LED LED H11 PY21W PY21W P21/5W/","PY21WP21W P21/5W P21/5W R10W  W5W","6411","H3","Unknown","ESCORT","OSRAM Guide"
79,"PR21/5WW5W ** W5WFORDHALOGEN, AVEC TECHNOLOGIE LED9H7 H1 LED LED H11 PY21W PY21W P21/5W/","PY21WP21W P21/5W P21/5W R10W  -","6411","H3","Unknown","ESCORT","OSRAM Guide"
80,"PR21/5WW5W ** W5WFORDHALOGEN, AVEC TECHNOLOGIE LED9H7 H1 LED LED H11 PY21W PY21W P21/5W/","< /09 H4 H4 - W5W H1 P21W/","1999","H3","Unknown","FIESTA","OSRAM Guide"
81,"TIPO/VERSIONEFORDHALOGEN, AVEC ÉCLAIRAGE DE JOUR11H7 H15/H1 H15/LED W5W/LED H11 PY21W PY21W P21/5W/","W5W **","6411","H7","Light","FIESTA","OSRAM Guide"
82,"TIPO/VERSIONEFORDHALOGEN, AVEC ÉCLAIRAGE DE JOUR11H7 H15/H1 H15/LED W5W/LED H11 PY21W PY21W P21/5W/","W5W W5W","6411","H8","Unknown","PR21WC5W","OSRAM Guide"
83,"FFS, DS)07/04-09/12 HALOGEN, FEU ARRIÈRE ROUGE18H7 H1 - W5W H11/H8 PY21W PY21W P21/5W P21/5W C5W/","< /10 H4 H4 - W5W H11 P21W/","2005","H11","Unknown","GALAXY","OSRAM Guide"
84,"FFS, DS)07/04-09/12 HALOGEN, FEU ARRIÈRE ROUGE18H7 H1 - W5W H11/H8 PY21W PY21W P21/5W P21/5W C5W/","< /04, Halogen H7 H1 - W5W H7 PY21W P21W/","2000","H7","Unknown","GALAXY","OSRAM Guide"
85,"MAVERICK (UDS, UNS) 02/93-04/98 STANDARD H4 H4 - W5W H1 P21W P21W R10W P21W C5W 6411 C5W","PY21WR5W P21W C5W  -","6411","H11","Unknown","MONDEO","OSRAM Guide"
86,"MAVERICK (UDS, UNS) 02/93-04/98 STANDARD H4 H4 - W5W H1 P21W P21W R10W P21W C5W 6411 C5W","PY21WP21/4W P21W C5W  -","6411","H7","Unknown","MONDEO","OSRAM Guide"
87,"MAVERICK (UDS, UNS) 02/93-04/98 STANDARD H4 H4 - W5W H1 P21W P21W R10W P21W C5W 6411 C5W","PY21WP21W R5W P21W R10W  W5W","6411","H1","Unknown","MONDEO","OSRAM Guide"
88,"MAVERICK (UDS, UNS) 02/93-04/98 STANDARD H4 H4 - W5W H1 P21W P21W R10W P21W C5W 6411 C5W","> , avec phare double6, avec","2018","H1","Unknown","RANGER","OSRAM Guide"
89,"MAVERICK (UDS, UNS) 02/93-04/98 STANDARD H4 H4 - W5W H1 P21W P21W R10W P21W C5W 6411 C5W","< , avec phare double6, avec","2019","H7","Unknown","","OSRAM Guide"
90,"MAVERICK (UDS, UNS) 02/93-04/98 STANDARD H4 H4 - W5W H1 P21W P21W R10W P21W C5W 6411 C5W","PY21WR5W P21W W5W  W5W","6411","H3","Unknown","SCORPIO","OSRAM Guide"
91,"TIPO/VERSIONEFORDS-MAX (CJ) HALOGEN, AVEC TECHNOLOGIE LED9H7 H7 LED LED H8 ** LED LED LED W5W LED -","LEDW5W  W5W","6411","H8","Unknown","LED9H7","OSRAM Guide"
92,"TIPO/VERSIONEFORDS-MAX (CJ) HALOGEN, AVEC TECHNOLOGIE LED9H7 H7 LED LED H8 ** LED LED LED W5W LED -","W5W LED","6411","H1","Unknown","TOURNEO","OSRAM Guide"
93,"TIPO/VERSIONEHONDA< 2009 D2S HB3 - W5W H8 WY21W WY21W LED LED W5W ** W5W","<  D2S H1 - W5W - W21W W21W LED LED W5W C5W -","2004","H4","Unknown","SHUTTLE","OSRAM Guide"
94,"HYUNDAIHYUNDAIACCENT I (X-3) 05/94-01/00 STANDARD H4 H4 - W5W H1 P21W/","PY21WP21/5W P21/5W W5W  C5W","6411","H4","Unknown","ACCENT","OSRAM Guide"
95,"HYUNDAIHYUNDAIACCENT I (X-3) 05/94-01/00 STANDARD H4 H4 - W5W H1 P21W/","PY21WP21W P21/5W P21/5W W5W  C5W","6411","HB3","Unknown","PY21WP21W","OSRAM Guide"
96,"HYUNDAIHYUNDAIACCENT I (X-3) 05/94-01/00 STANDARD H4 H4 - W5W H1 P21W/","PY21WP21/5W P21W W5W  C5W","6411","H1","Unknown","ELANTRA","OSRAM Guide"
97,"HYUNDAIHYUNDAIACCENT I (X-3) 05/94-01/00 STANDARD H4 H4 - W5W H1 P21W/","C5W C5W","6411","H4","Unknown","GALLOPER","OSRAM Guide"
98,"HYUNDAIHYUNDAIACCENT I (X-3) 05/94-01/00 STANDARD H4 H4 - W5W H1 P21W/","<  H7 H7 - W5W H27W/2/","2018","H1","Unknown","H8PY21W","OSRAM Guide"
99,"LEDH8 PY21W PY21W P21/5W P21/5W ** ** -HYUNDAIHIGHWAY VAN 03/00-03/04 > 2000 H7 H3 - W5W H1 PY21W P21W P21/5W P21/5W W5W R10W/","-","6411","H7","Unknown","HYUNDAIHIGHW","OSRAM Guide"
100,"TIPO/VERSIONEHYUNDAILED LED LED LED LED H8 PY21W P21W W5W/LED P21/5W/","W5W- P21W P21W P21/5W P21/5W R5W  C5W","6411","H3","Unknown","LANTRA","OSRAM Guide"
101,"TIPO/VERSIONEHYUNDAILED LED LED LED LED H8 PY21W P21W W5W/LED P21/5W/","PY21WP21W P21/5W P21/5W W5W /** C5W","6411","H3","Unknown","LANTRA","OSRAM Guide"
102,"TIPO/VERSIONEHYUNDAILED LED LED LED LED H8 PY21W P21W W5W/LED P21/5W/","PY21WP21W P21/5W P21/5W W5W /** W5W/**","6411","W5W","Unknown","MATRIX","OSRAM Guide"
103,"TIPO/VERSIONEHYUNDAILED LED LED LED LED H8 PY21W P21W W5W/LED P21/5W/","W5WH1 P21W P21W P21/5W P21/5W R5W  W5W","6411","H3","Unknown","","OSRAM Guide"
104,"TIPO/VERSIONEHYUNDAILED LED LED LED LED H8 PY21W P21W W5W/LED P21/5W/","H27W/2PY21W P21W P21/5W P21/5W W5W **","6411","H7","Unknown","","OSRAM Guide"
105,"TIPO/VERSIONEHYUNDAILED LED LED LED LED H8 PY21W P21W W5W/LED P21/5W/","H6WH27W/2 PY21W PY21W P21/5W P21/5W W5W  6411","6411","H7","Unknown","","OSRAM Guide"
106,"TIPO/VERSIONEHYUNDAILED LED LED LED LED H8 PY21W P21W W5W/LED P21/5W/","W5W C5W","6411","H3","Unknown","SONATA","OSRAM Guide"
107,"TIPO/VERSIONEHYUNDAILED LED LED LED LED H8 PY21W P21W W5W/LED P21/5W/","PY21WPY21W P21/5W P21/5W W5W  C5W","6411","W5W","Unknown","SONATA","OSRAM Guide"
108,"TIPO/VERSIONEHYUNDAILED LED LED LED LED H8 PY21W P21W W5W/LED P21/5W/","< , LED LED LED LED LED H8 LED PY21W/","2019","H7","Unknown","TUCSON","OSRAM Guide"
109,"TIPO/VERSIONEHYUNDAILED LED LED LED LED H8 PY21W P21W W5W/LED P21/5W/","< /11 H7 H1 - W5W HB4 P21W/","2002","H1","Unknown","INFINITIINFI","OSRAM Guide"
110,"KIAKIABESTA VAN 01/93-12/03 STANDARD H4 H4 - T4W H1 PY21W P21W P21/5W P21/5W W5W R10W/","K Platform/Chassis","2500","W5W","Unknown","CLARUS","OSRAM Guide"
111,"TIPO/VERSIONEOPTIMA (JF) 09/15->> HALOGEN H7 HB3 LED LED LED PY21W PY21W LED LED W5W ** C5WKIAXENON D3S H7 LED LED LED PY21W PY21W LED LED W5W ** C5W","PY21WP21/5W P21/5W W5W  -","6411","W5W","Unknown","SEPHIA","OSRAM Guide"
112,"TIPO/VERSIONEOPTIMA (JF) 09/15->> HALOGEN H7 HB3 LED LED LED PY21W PY21W LED LED W5W ** C5WKIAXENON D3S H7 LED LED LED PY21W PY21W LED LED W5W ** C5W","LEDC5W **","6411","PY21W","Unknown","SORENTO","OSRAM Guide"
113,"TIPO/VERSIONEKIASOUL I (AM) 02/09->> > 2011 H4 H4 - W5W H27W/2 PY21W PY21W P21/5W/","SAMARA (, 2109,","2108","H3","Unknown","PRIORA","OSRAM Guide"
114,"TIPO/VERSIONEKIASOUL I (AM) 02/09->> > 2011 H4 H4 - W5W H27W/2 PY21W PY21W P21/5W/","SAMARA Saloon (9,","2109","H4","Unknown","","OSRAM Guide"
115,"TIPO/VERSIONEXENON D2S H3 - W5W H1 PY21W P21W R5W P21/5W C5W 6411 **LANCIALYBRA (839_) 07/99-10/05 STANDARD H7 H7 - H6W H1 PY21W PY21W R10W P21W W5W 6411 **","<  H4 H4 - W5W H3 P21W/","1992","W5W","Unknown","PY21WP21W","OSRAM Guide"
116,"PY21WP21W R5W P21W T4W P21W/** -LAND ROVERDEFENDER PICK UP","< , Bi-Xenon D3S D3S LED LED H8 P21W/","2013","H1","Headlight","PY21WPY21W","OSRAM Guide"
117,"TIPO/VERSIONELAND ROVER / LEXUS / LINCOLN / LOTUS / MAN / MASERATI / MAYBACH / MAZDARANGE ROVER VELAR","< /09, Bi-Xenon D4S H9 - LED HB4/LED WY21W/","2009","HB4","Unknown","JZS147","OSRAM Guide"
118,"PY21WP21W R5W P21W W5W C5W -MAZDA2 (DE_, DH_3) 10/07-06/15 AVEC PHARE SIMPLE4H4 H4 - W5W H11 PY21W WY21W W21/5W W21/5W W5W ** C5W","Tipo/versione< /09 H4 H4 - W5W H1 P21W/","1999","H1","Headlight","PY21WP21W","OSRAM Guide"
119,"PY21WP21W R5W P21W W5W C5W -MAZDA2 (DE_, DH_3) 10/07-06/15 AVEC PHARE SIMPLE4H4 H4 - W5W H11 PY21W WY21W W21/5W W21/5W W5W ** C5W","LEDW5W  C5W","6411","H1","Unknown","","OSRAM Guide"
120,"PY21WP21W R5W P21W W5W C5W -MAZDA2 (DE_, DH_3) 10/07-06/15 AVEC PHARE SIMPLE4H4 H4 - W5W H11 PY21W WY21W W21/5W W21/5W W5W ** C5W","LEDW5W  6411","6411","H11","Unknown","LEDW5W","OSRAM Guide"
121,"TIPO/VERSIONEMAZDA626 IV HATCHBACK (GE) 08/91-08/98 STANDARD H1 H1 - W5W H3 P21W P21W P21/5W P21/5W W5W 6411 C5W","< /03 H4 H4 - W5W - P21W/","1996","H4","Unknown","MAZDA626","OSRAM Guide"
122,"TIPO/VERSIONEMAZDA626 IV HATCHBACK (GE) 08/91-08/98 STANDARD H1 H1 - W5W H3 P21W P21W P21/5W P21/5W W5W 6411 C5W","6411","6411","H11","Unknown","LEDW5W","OSRAM Guide"
123,"TIPO/VERSIONEMAZDA626 IV HATCHBACK (GE) 08/91-08/98 STANDARD H1 H1 - W5W H3 P21W P21W P21/5W P21/5W W5W 6411 C5W","< /09 H4 H4 - W5W H11 P21W/","2003","H3","Unknown","LEDWY21W","OSRAM Guide"
124,"MERCEDES-BENZMERCEDES-BENZMB VAN (W631) 02/88-04/96 STANDARD H4 H4 - T4W/","W5WH3 P21W P21W R5W P21W C5W  C5W","6411","H4","Unknown","MERCEDES","OSRAM Guide"
125,"MERCEDES-BENZMERCEDES-BENZMB VAN (W631) 02/88-04/96 STANDARD H4 H4 - T4W/","W5WH3 P21W P21W R10W P21W R10W  -","6411","H3","Unknown","","OSRAM Guide"
126,"MERCEDES-BENZMERCEDES-BENZMB VAN (W631) 02/88-04/96 STANDARD H4 H4 - T4W/","< /03 H7 H4 - W5W H4 PY21W P21W/","2001","H1","Unknown","PY21WP21","OSRAM Guide"
127,"MERCEDES-BENZMERCEDES-BENZMB VAN (W631) 02/88-04/96 STANDARD H4 H4 - T4W/","P21WP21W C5W  6411","6411","H11","Unknown","","OSRAM Guide"
128,"MERCEDES-BENZMERCEDES-BENZMB VAN (W631) 02/88-04/96 STANDARD H4 H4 - T4W/","LEDLED  W5WModèle/","6411","H7","Unknown","","OSRAM Guide"
129,"AMG GT ROADSTER (R190) 11/16->> STANDARD LED LED LED LED - LED LED LED LED LED ** -","PY21WR10W P21W C5W  C5W","6411","H1","Unknown","LEDP21W","OSRAM Guide"
130,"AMG GT ROADSTER (R190) 11/16->> STANDARD LED LED LED LED - LED LED LED LED LED ** -","< /09, Halogen H7 H1 - W5W H1 P21W/","1996","H7","Unknown","","OSRAM Guide"
131,"AMG GT ROADSTER (R190) 11/16->> STANDARD LED LED LED LED - LED LED LED LED LED ** -","< , Halogen H7 H7 LED W5W H11 ** PY21W/","2011","W5W","Unknown","LEDP21W","OSRAM Guide"
132,"AMG GT ROADSTER (R190) 11/16->> STANDARD LED LED LED LED - LED LED LED LED LED ** -","< , Bi-Xenon D1S D1S LED LED - LED PY21W/","2011","H4","Unknown","LEDP21W","OSRAM Guide"
133,"TIPO/VERSIONEMERCEDES-BENZBI-XENON, AVEC ÉCLAIRAGE ADAPTATIF1D1S H7 - W5W H7 PY21W P21W R5W P21W C5W 6411 -","LED LED LED LED LED - LED LED LED LED LED /","6411","H3","Unknown","MERCEDES","OSRAM Guide"
134,"TIPO/VERSIONEMERCEDES-BENZBI-XENON, AVEC ÉCLAIRAGE ADAPTATIF1D1S H7 - W5W H7 PY21W P21W R5W P21W C5W 6411 -","PY21WP21W P21/5W P21/5W C5W  -","6411","H4","Unknown","SPRINTER","OSRAM Guide"
135,"TIPO/VERSIONEMERCEDES-BENZBI-XENON, AVEC ÉCLAIRAGE ADAPTATIF1D1S H7 - W5W H7 PY21W P21W R5W P21W C5W 6411 -","W5WModèle/","6411","H7","Unknown","LEDLED","OSRAM Guide"
136,"TIPO/VERSIONEMERCEDES-BENZBI-XENON, AVEC ÉCLAIRAGE ADAPTATIF1D1S H7 - W5W H7 PY21W P21W R5W P21W C5W 6411 -","< , Bi-Xenon D1S H7 LED W5W H11 PY21W PY21W/","2007","H7","Unknown","LEDP21WLED","OSRAM Guide"
137,"TIPO/VERSIONEMERCEDES-BENZBI-XENON, AVEC ÉCLAIRAGE ADAPTATIF1D1S H7 - W5W H7 PY21W P21W R5W P21W C5W 6411 -","PY21WR10W P21W **  C5W","6411","H1","Unknown","LEDP21WLED","OSRAM Guide"
138,"TIPO/VERSIONEMERCEDES-BENZBI-XENON, AVEC ÉCLAIRAGE ADAPTATIF1D1S H7 - W5W H7 PY21W P21W R5W P21W C5W 6411 -","< , Xenon D2R H1 - W5W H1 P21W/","1995","H1","Unknown","PY21WR5W","OSRAM Guide"
139,"CHASSIS (B907, B910)02/18->> HALOGEN H7 H15 H15 W5W - PY21W PY21W R5W P21W R5W ** -MERCEDES-BENZLED LED LED LED LED - LED PY21W R5W P21W R5W ** -","R5WP21W /","6423","H1","Unknown","00A0W3W","OSRAM Guide"
140,"MINI CLUBMAN (R55) 10/06-06/14 > 2010, HALOGEN H4 H4 - W5W H8 PY21W PY21W P21W P21W W5W ** W5W","/LED5202 LED ** -","5202","H4","Unknown","CLUBMAN","OSRAM Guide"
141,"TIPO/VERSIONEECLIPSE CROSS (GK_) 10/17->> BI-HALOGEN HIR2 HIR2 LED LED H8 PY21W PY21W LED LED W5W ** W5WMITSUBISHILED LED LED LED LED H8 PY21W PY21W LED LED W5W ** W5W","T4W -","6411","H4","Unknown","GRANDIS","OSRAM Guide"
142,"TIPO/VERSIONEMITSUBISHIPAJERO III (V7_W, V6_W) 01/99-01/07 > 2002/09 H4 H4 - W5W HB4 W21W P21W P21/5W P21/5W W5W ** -","< /05 H4 H4 - T4W HB4 P21W/","2002","H3","Unknown","RUNNER","OSRAM Guide"
143,"370Z ROADSTER (Z34) 01/09->> BI-XENON D2S D2S LED W5W - WY21W WY21W LED LED W5W - -","< /01 H7 H7 - W5W H11 P21W/","2001","H7","Unknown","ALMERA","OSRAM Guide"
144,"(A32)03/94-08/00 STANDARD H4 H4 - W5W H3 P21W P21W P21/5W P21/5W W5W 6411 -NISSANMAXIMA / MAXIMA QX V","< /06 H4 H4 - W5W H11 WY21W WY21W W21/5W/","2013","H1","Unknown","NISSANMAXIMA","OSRAM Guide"
145,"(A32)03/94-08/00 STANDARD H4 H4 - W5W H3 P21W P21W P21/5W P21/5W W5W 6411 -NISSANMAXIMA / MAXIMA QX V","9L+PY21W PY21W P21/5W P21/5W W5W W5W -","6721","H1","Unknown","LEDH11","OSRAM Guide"
146,"(A32)03/94-08/00 STANDARD H4 H4 - W5W H3 P21W P21W P21/5W P21/5W W5W 6411 -NISSANMAXIMA / MAXIMA QX V","9L+LED PY21W P21/5W P21/5W W5W W5W -","6721","H1","Unknown","PRIMASTAR","OSRAM Guide"
147,"(A32)03/94-08/00 STANDARD H4 H4 - W5W H3 P21W P21W P21/5W P21/5W W5W 6411 -NISSANMAXIMA / MAXIMA QX V","< /06, Halogen H7 H1 - W5W H1 P21W/","1999","H7","Unknown","PRIMERA","OSRAM Guide"
148,"TIPO/VERSIONENISSANXENON D2S H1 - W5W H1 P21W/","PY21WP21W P21/5W P21/5W W5W  6411NISSAN","6411","H1","Unknown","NISSANX","OSRAM Guide"
149,"TIPO/VERSIONENISSANXENON D2S H1 - W5W H1 P21W/","< , Xenon D1S H7 - W5W H11 PY21W P21W P21/5W/","2010","H1","Unknown","LEDW5W","OSRAM Guide"
150,"TIPO/VERSIONENISSANXENON D2S H1 - W5W H1 P21W/","PY21WP21W R5W P21W C5W  6411","6411","H4","Unknown","TERRANO","OSRAM Guide"
151,"OPELOPELADAM (M13) 10/12->> STANDARD H7 H1 W21/5W W21/5W - PY21W ** W3W/LED WY16W/","PY21WP21W P21W W5W W5W/**","6411","H3","Unknown","ANTARA","OSRAM Guide"
152,"OPELOPELADAM (M13) 10/12->> STANDARD H7 H1 W21/5W W21/5W - PY21W ** W3W/LED WY16W/","PY21WR5W P21W P21W W5W/**","6411","H1","Unknown","","OSRAM Guide"
153,"OPELOPELADAM (M13) 10/12->> STANDARD H7 H1 W21/5W W21/5W - PY21W ** W3W/LED WY16W/","PY21WP21W P21/4W P21W R10W  -","6411","H3","Unknown","","OSRAM Guide"
154,"OPELOPELADAM (M13) 10/12->> STANDARD H7 H1 W21/5W W21/5W - PY21W ** W3W/LED WY16W/","PY21WP21W P21/4W P21W C5W  -","6411","H3","Unknown","","OSRAM Guide"
155,"OPELOPELADAM (M13) 10/12->> STANDARD H7 H1 W21/5W W21/5W - PY21W ** W3W/LED WY16W/","PY21WP21W R5W P21W R10W  -","6411","H4","Unknown","","OSRAM Guide"
156,"TIPO/VERSIONEASTRA G SALOON (T98) 09/98-12/09 HALOGEN H7 HB3 - W5W H3 PY21W P21W P21/5W P21/5W R10W W5W 6411OPELXENON D2S H7 - W5W H3 PY21W P21W P21/5W P21/5W R10W W5W 6411","W5W","6411","H7","Unknown","6411OPELX","OSRAM Guide"
157,"TIPO/VERSIONEASTRA G SALOON (T98) 09/98-12/09 HALOGEN H7 HB3 - W5W H3 PY21W P21W P21/5W P21/5W R10W W5W 6411OPELXENON D2S H7 - W5W H3 PY21W P21W P21/5W P21/5W R10W W5W 6411","PY21WP21W P21W ** /","6411","H1","Unknown","","OSRAM Guide"
158,"TIPO/VERSIONEASTRA G SALOON (T98) 09/98-12/09 HALOGEN H7 HB3 - W5W H3 PY21W P21W P21/5W P21/5W R10W W5W 6411OPELXENON D2S H7 - W5W H3 PY21W P21W P21/5W P21/5W R10W W5W 6411","PY21WP21W P21W W5W /","6411","H3","Unknown","","OSRAM Guide"
159,"TIPO/VERSIONEASTRA G SALOON (T98) 09/98-12/09 HALOGEN H7 HB3 - W5W H3 PY21W P21W P21/5W P21/5W R10W W5W 6411OPELXENON D2S H7 - W5W H3 PY21W P21W P21/5W P21/5W R10W W5W 6411","LEDW5W  **","6411","PY21W","Unknown","PY21WP21","OSRAM Guide"
160,"TIPO/VERSIONEOPELLED LED LED LED LED LED LED PY21W/","LEDH10 PY21W W21W LED LED W5W W5W","6411","W5W","Unknown","INSIGNIA","OSRAM Guide"
161,"SPEEDSTER (E01) 09/00->> STANDARD H1 H7 - T4W H1 PY21W PY21W P21/5W P21/5W C5W ** -","C5W 6411","6411","W5W","Unknown","VECTRA","OSRAM Guide"
162,"SPEEDSTER (E01) 09/00->> STANDARD H1 H7 - T4W H1 PY21W PY21W P21/5W P21/5W C5W ** -","< , avec phare principal à éclairage","2017","H8","Unknown","LED3LED","OSRAM Guide"
163,"1007 (KM_) 04/05->> STANDARD H4 H4 - W5W H1 PY21W P21W P21/5W P21/5W W5W W5W W5WPEUGEOT106 I (1A, 1C) 08/91-04/96 STANDARD H4 H4 - W5W H3 P21W P21W P21/5W P21/5W W5W W5W -","II (UD_, US_, UY_,","2008","H1","Unknown","PSX24W","OSRAM Guide"
164,"1007 (KM_) 04/05->> STANDARD H4 H4 - W5W H1 PY21W P21W P21/5W P21/5W W5W W5W W5WPEUGEOT106 I (1A, 1C) 08/91-04/96 STANDARD H4 H4 - W5W H3 P21W P21W P21/5W P21/5W W5W W5W -","<  H4 H4 - W5W H3 P21W P21W R5W P21W R5W ** -","1991","H1","Unknown","LEDP21","OSRAM Guide"
165,"TIPO/VERSIONEPEUGEOT207 (WA_, WC_) 02/06->> > 2008/06 H7 H1 - W5W H11 PY21W PY21W R5W P21W W5W W5W W5W","SUV (MC_, MR_,","3008","H1","Unknown","PSX24W","OSRAM Guide"
166,"TIPO/VERSIONEPEUGEOT207 (WA_, WC_) 02/06->> > 2008/06 H7 H1 - W5W H11 PY21W PY21W R5W P21W W5W W5W W5W","<  H7 H1 W21/5W/","2017","H1","Unknown","LEDH11","OSRAM Guide"
167,"TIPO/VERSIONE407 COUPE (6C_) 10/05->> BI-XENON D1S D1S - W5W H11 PY21W WY16W P21/5W P21/5W W5W W5W W5WPEUGEOT407 SW (6E_) 05/04->> HALOGEN H1 H7 - W5W H11 PY21W P21W P21/5W P21/5W W5W W5W W5W","II (MC_, MJ_, MR_,","5008","H1","Unknown","PSX24W","OSRAM Guide"
168,"TIPO/VERSIONE407 COUPE (6C_) 10/05->> BI-XENON D1S D1S - W5W H11 PY21W WY16W P21/5W P21/5W W5W W5W W5WPEUGEOT407 SW (6E_) 05/04->> HALOGEN H1 H7 - W5W H11 PY21W P21W P21/5W P21/5W W5W W5W W5W","H11/PY21W PY21W P21/5W P21/5W W5W W5W W5W","5204","H7","Unknown","PARTNER","OSRAM Guide"
169,"PLYMOUTHPLYMOUTH / PONTIAC / PORSCHENEON II SALOON 08/99->> STANDARD H4 H4 - T4W H3 P21W P21W P21/5W P21/5W W5W 6411 **","LEDC5W  6411","6411","H1","Unknown","BOXSTER","OSRAM Guide"
170,"PLYMOUTHPLYMOUTH / PONTIAC / PORSCHENEON II SALOON 08/99->> STANDARD H4 H4 - T4W H3 P21W P21W P21/5W P21/5W W5W 6411 **","P21/5WP21/5W C5W W5W","6411","H8","Unknown","BOXSTER","OSRAM Guide"
171,"PLYMOUTHPLYMOUTH / PONTIAC / PORSCHENEON II SALOON 08/99->> STANDARD H4 H4 - T4W H3 P21W P21W P21/5W P21/5W W5W 6411 **","P21/4WP21/5W C5W W5W","6411","H7","Unknown","CAYENNE","OSRAM Guide"
172,"PLYMOUTHPLYMOUTH / PONTIAC / PORSCHENEON II SALOON 08/99->> STANDARD H4 H4 - T4W H3 P21W P21W P21/5W P21/5W W5W 6411 **","P21/5WP21/5W C5W **","6411","H8","Unknown","CAYMAN","OSRAM Guide"
173,"TIPO/VERSIONERENAULT TRUCKS / ROLLS-ROYCE / ROVERMASCOTT DUMPTRUCK 01/00-12/10 STANDARD H4 H4 - W5W H1 P21W/","R10WP21W  - -","6411","H1","Unknown","PY21WP21W","OSRAM Guide"
174,"SAABSAAB900 II 07/93-04/99 STANDARD H4 H4 - W5W H3 PY21W PY21W R5W P21/5W C5W 6411 6411","PY21WP21W R5W P21W C5W  C5W","6411","H1","Headlight","SAABSAAB900","OSRAM Guide"
175,"LEDW5W/LED W5W W5WSEATBI-XENON D3S D3S P21W W5W HB4 PY21W PY21W W5W/LED P21W/","C5W -","6411","H3","Headlight","662440","OSRAM Guide"
176,"LEDW5W/LED W5W W5WSEATBI-XENON D3S D3S P21W W5W HB4 PY21W PY21W W5W/LED P21W/","LEDC5W /","6411","H11","Unknown","CORDOBA","OSRAM Guide"
177,"LEDW5W/LED W5W W5WSEATBI-XENON D3S D3S P21W W5W HB4 PY21W PY21W W5W/LED P21W/","LEDC5W C5W","6411","H1","Unknown","PY21WW5W","OSRAM Guide"
178,"TIPO/VERSIONESEATLEON SC (5F5) 01/13->> HALOGEN H7 H7 P21W ** H8 PY21W PY21W W5W/LED P21W/","LEDW5W/LED  W5W","6411","H8","Unknown","TOLEDO","OSRAM Guide"
179,"SKODASKODACITIGO 10/11->> AVEC PHARE SIMPLE4H4 H4 W21/5W W21/5W HB4/H8 PY21W RY10W P21/4W P21/4W W5W 6411/","LEDW5W HB4/H8 PY21W PY21W W5W P21W C5W  W5W","6411","H7","Unknown","CITIGO","OSRAM Guide"
180,"SKODASKODACITIGO 10/11->> AVEC PHARE SIMPLE4H4 H4 W21/5W W21/5W HB4/H8 PY21W RY10W P21/4W P21/4W W5W 6411/","< , Xenon D1S H1 P21W/","2009","H1","Unknown","OCTAVIA","OSRAM Guide"
181,"SKODASKODACITIGO 10/11->> AVEC PHARE SIMPLE4H4 H4 W21/5W W21/5W HB4/H8 PY21W RY10W P21/4W P21/4W W5W 6411/","< , Halogen H7 H7 LED LED H8/H16/","2018","H1","Unknown","","OSRAM Guide"
182,"LEDW5W/LED W5W W5WSKODAOCTAVIA III COMBI (5E5,","> , Bi-Xenon D1S H3 P21W W5W H8 ** R10W/","2013","H1","Unknown","RY10WW5W","OSRAM Guide"
183,"4 RUNNER II (_N1_) 08/87-03/96 STANDARD H4 H4 - W5W - P21W P21W P21/5W P21/5W W5W 6411 -TOYOTA4 RUNNER (_N18_) 11/95-11/02 > 1998/07 H4 H4 - W5W H3 P27W P21W/","< /08 H4 H4 - W5W H3 P21W P21W/","1998","H1","Unknown","RUNNER","OSRAM Guide"
184,"4 RUNNER II (_N1_) 08/87-03/96 STANDARD H4 H4 - W5W - P21W P21W P21/5W P21/5W W5W 6411 -TOYOTA4 RUNNER (_N18_) 11/95-11/02 > 1998/07 H4 H4 - W5W H3 P27W P21W/","PY21WR5W P21W W5W  -","6411","H1","Unknown","AVENSIS","OSRAM Guide"
185,"4 RUNNER II (_N1_) 08/87-03/96 STANDARD H4 H4 - W5W - P21W P21W P21/5W P21/5W W5W 6411 -TOYOTA4 RUNNER (_N18_) 11/95-11/02 > 1998/07 H4 H4 - W5W H3 P27W P21W/","PY21WR5W P21W W5W  C5W","6411","H1","Unknown","AVENSIS","OSRAM Guide"
186,"TIPO/VERSIONETOYOTAAVENSIS VERSO (_M2_) 08/01-11/09 STANDARD HB4 HB3 - W5W HB4 PY21W PY21W W5W W21/5W W5W 6411 W5W","< /10 HB4 HB3 - W5W H3 P21W/","1999","H4","Unknown","COROLLA","OSRAM Guide"
187,"TIPO/VERSIONETOYOTAAVENSIS VERSO (_M2_) 08/01-11/09 STANDARD HB4 HB3 - W5W HB4 PY21W PY21W W5W W21/5W W5W 6411 W5W","PY21WW21/5W W21/5W W5W  6411","6411","H1","Unknown","CRUISER","OSRAM Guide"
188,"TIPO/VERSIONETOYOTAAVENSIS VERSO (_M2_) 08/01-11/09 STANDARD HB4 HB3 - W5W HB4 PY21W PY21W W5W W21/5W W5W 6411 W5W","W21WP21W W21/5W W21/5W W5W /","6411","W5W","Unknown","CRUISER","OSRAM Guide"
189,"TIPO/VERSIONEMIRAI (JPD1_) 10/14->> LED LED LED LED LED LED LED LED LED LED LED W5W/** W5WTOYOTAMR2 II (SW2_) 12/89-05/00 STANDARD H4 H4 - W5W H3 P21W P21W P21/5W P21/5W W5W - -","<  HB4 HB4 - W5W H3 P21W/","1998","H3","Unknown","PROACE","OSRAM Guide"
190,"TIPO/VERSIONEMIRAI (JPD1_) 10/14->> LED LED LED LED LED LED LED LED LED LED LED W5W/** W5WTOYOTAMR2 II (SW2_) 12/89-05/00 STANDARD H4 H4 - W5W H3 P21W P21W P21/5W P21/5W W5W - -","WY21WW21W W21/5W W21/5W W5W  -","6411","H1","Unknown","","OSRAM Guide"
191,"< 2011, HALOGEN H7 H1 - W5W ** P21W P21W P21/5W P21/5W W5W - 6411TOYOTA","PY21WP21/5W P21/5W W5W ** Modèle/","6411","H7","Unknown","LEDH11","OSRAM Guide"
192,"< 2011, HALOGEN H7 H1 - W5W ** P21W P21W P21/5W P21/5W W5W - 6411TOYOTA","(G09)07/08-05/17 > , Halogen H7 H1 W21/5W/","2013","H1","Unknown","FRONTERA","OSRAM Guide"
193,"< 2011, HALOGEN H7 H1 - W5W ** P21W P21W P21/5W P21/5W W5W - 6411TOYOTA","LEDH10 PY21W PY21W W5W P21W W5W W5W","6411","H7","Unknown","","OSRAM Guide"
194,"< 2011, HALOGEN H7 H1 - W5W ** P21W P21W P21/5W P21/5W W5W - 6411TOYOTA","C5WVAUXHALL","6411","H1","Unknown","VAUXHALLOMEG","OSRAM Guide"
195,"VOLVOVOLVO440 (445) 08/88-12/96 STANDARD H4 H4 - T4W H3 P21W P21W P21/5W P21/5W C5W 6411 -","PY21WP21/5W P21/5W C5W  -","6411","H4","Headlight","VOLVOVOLVO44","OSRAM Guide"
196,"VOLVOVOLVO440 (445) 08/88-12/96 STANDARD H4 H4 - T4W H3 P21W P21W P21/5W P21/5W C5W 6411 -","PY21WR5W P21W W5W ** Modèle/","6411","H1","Unknown","","OSRAM Guide"
197,"PY21WR5W P21W W5W T4W 6411VOLVOC70 II CONVERTIBLE (542) 03/06-06/13 > 2009, HALOGEN H7 HB3 LED W5W H11 PY21W PY21W P21/5W P21W C5W ** C5W","LEDC5W W3W","6411","H11","Unknown","PY21WR5W","OSRAM Guide"
198,"PY21WR5W P21W W5W T4W 6411VOLVOC70 II CONVERTIBLE (542) 03/06-06/13 > 2009, HALOGEN H7 HB3 LED W5W H11 PY21W PY21W P21/5W P21W C5W ** C5W","> , Bi-Xenon, avec éclairage","2004","H1","Unknown","","OSRAM Guide"
199,"PY21WR5W P21W W5W T4W 6411VOLVOC70 II CONVERTIBLE (542) 03/06-06/13 > 2009, HALOGEN H7 HB3 LED W5W H11 PY21W PY21W P21/5W P21W C5W ** C5W","R5WP21W C5W **","6411","H11","Unknown","21WULTPY21W","OSRAM Guide"
200,"PY21WR5W P21W W5W T4W 6411VOLVOC70 II CONVERTIBLE (542) 03/06-06/13 > 2009, HALOGEN H7 HB3 LED W5W H11 PY21W PY21W P21/5W P21W C5W ** C5W","R5WLED C5W **","6411","H7","Unknown","","OSRAM Guide"
201,"PY21WR5W P21W W5W T4W 6411VOLVOC70 II CONVERTIBLE (542) 03/06-06/13 > 2009, HALOGEN H7 HB3 LED W5W H11 PY21W PY21W P21/5W P21W C5W ** C5W","< , Halogen H7 H7 LED W5W H1 H21W/","2007","PY21W","Unknown","HY21WPY21W","OSRAM Guide"
202,"PY21WR5W P21W W5W T4W 6411VOLVOC70 II CONVERTIBLE (542) 03/06-06/13 > 2009, HALOGEN H7 HB3 LED W5W H11 PY21W PY21W P21/5W P21W C5W ** C5W","< , Bi-Xenon, avec éclairage","2007","H1","Unknown","","OSRAM Guide"
203,"TIPO/VERSIONEVWBI-XENON D8S D8S LED LED HB4/H11 H21W PY21W P21/5W P21W W5W/LED 6411/","C5W/","6411","H1","Unknown","PY21WR5W","OSRAM Guide"
204,"6411W5WVWGOLF ALLTRACK VII","W5WVWGOLF ALLTRACK VII","6411","H1","Unknown","CRAFTER","OSRAM Guide"
205,"6411W5WVWGOLF ALLTRACK VII","PY21WP21W R5W P21W W5W  C5W","6411","H1","Headlight","","OSRAM Guide"
206,"6411W5WVWGOLF ALLTRACK VII","PY21WP21W P21/4W P21/4W W5W  C5W","6411","H1","Unknown","","OSRAM Guide"
207,"6411W5WVWGOLF ALLTRACK VII","PY21WR10W P21W C5W  C5W/","6411","H3","Unknown","","OSRAM Guide"
208,"6411W5WVWGOLF ALLTRACK VII","PY21WR5W P21/5W C5W  C5W/","6411","H7","Unknown","","OSRAM Guide"
209,"6411W5WVWGOLF ALLTRACK VII","LEDLED W5W/LED","6411","H11","Unknown","","OSRAM Guide"
210,"6411W5WVWGOLF ALLTRACK VII","LEDLED W5W","6411","H7","Unknown","LED9H7","OSRAM Guide"
211,"6411W5WVWGOLF ALLTRACK VII","LEDW5W/LED W5W/LED","6411","HB4","Unknown","LED9D3S","OSRAM Guide"
212,"6411W5WVWGOLF ALLTRACK VII","LEDW5W/LED W5W","6411","H7","Unknown","","OSRAM Guide"
213,"6411W5WVWGOLF ALLTRACK VII","LEDW5W/LED  6411","6411","H8","Unknown","LEDR5W","OSRAM Guide"
214,"TIPO/VERSIONEVW< 2017 H4 H4 LED LED HB4 PY21W WY16W W5W P21/4W LED 6411/","PY21WP21W P21/5W P21/5W C5W /** -","6411","H4","Headlight","W5WW5WVW","OSRAM Guide"
215,"TIPO/VERSIONEVW< 2017 H4 H4 LED LED HB4 PY21W WY16W W5W P21/4W LED 6411/","PY21WP21W R5W P21W C5W  -","6411","H3","Unknown","","OSRAM Guide"
216,"TIPO/VERSIONEVW< 2017 H4 H4 LED LED HB4 PY21W WY16W W5W P21/4W LED 6411/","PY21WR10W P21/5W C5W  6411","6411","H7","Headlight","MULTIVAN","OSRAM Guide"
217,"TIPO/VERSIONEVW< 2017 H4 H4 LED LED HB4 PY21W WY16W W5W P21/4W LED 6411/","< , Xenon D3S H7 LED LED HB4 ** P21W/","2012","H1","Unknown","BEETLE","OSRAM Guide"
218,"TIPO/VERSIONEVW< 2017 H4 H4 LED LED HB4 PY21W WY16W W5W P21/4W LED 6411/","< /07, Xenon D2S H7 - W5W H11 H21W P21W/","2005","H1","Unknown","PY21WP21","OSRAM Guide"
219,"TIPO/VERSIONEVW< 2017 H4 H4 LED LED HB4 PY21W WY16W W5W P21/4W LED 6411/","LEDW5W W5W","6411","H8","Unknown","PASSAT","OSRAM Guide"
220,"TIPO/VERSIONEVW< 2017 H4 H4 LED LED HB4 PY21W WY16W W5W P21/4W LED 6411/","PY21WP21W P21/5W P21/5W C5W /","6411","C5W","Unknown","C5WC5W","OSRAM Guide"
221,"W5WVWHALOGEN, AVEC PHARES ANTIBROUILLARD7H1 H4 - W5W H4 P21W/","PY21WP21W R5W P21W W5W /","6411","H1","Unknown","PASSAT","OSRAM Guide"
222,"W5WVWHALOGEN, AVEC PHARES ANTIBROUILLARD7H1 H4 - W5W H4 P21W/","PY21WPY21W R5W P21/4W C5W /","6411","H3","Unknown","PY21WP21W","OSRAM Guide"
223,"W5WVWHALOGEN, AVEC PHARES ANTIBROUILLARD7H1 H4 - W5W H4 P21W/","PY21WP21W R10W P21W W5W  -","6411","H3","Unknown","CLASSIC","OSRAM Guide"
224,"W5WVWHALOGEN, AVEC PHARES ANTIBROUILLARD7H1 H4 - W5W H4 P21W/","W5W 6411","6411","H7","Unknown","PY21WP21W","OSRAM Guide"
225,"W5WVWHALOGEN, AVEC PHARES ANTIBROUILLARD7H1 H4 - W5W H4 P21W/","P21WP21/5W P21/5W C5W /","6411","H7","Unknown","SCIROCCO","OSRAM Guide"
226,"W5WVWHALOGEN, AVEC PHARES ANTIBROUILLARD7H1 H4 - W5W H4 P21W/","< , Halogen H7 H15 H15 W5W HB4 PY21W P21W/","2012","PY21W","Unknown","PY21WWY16W","OSRAM Guide"
227,"TIPO/VERSIONEVW> 2011, BI-XENON D1S D1S - W5W HB4 PY21W WY21W/","LEDC5W/LED ** VW","6411","HB4","Unknown","","OSRAM Guide"
228,"TIPO/VERSIONEVW> 2011, BI-XENON D1S D1S - W5W HB4 PY21W WY21W/","< , Bi-Xenon D3S D3S LED LED HB4 ** P21W/","2012","H7","Unknown","TIGUAN","OSRAM Guide"
229,"TIPO/VERSIONEVW> 2011, BI-XENON D1S D1S - W5W HB4 PY21W WY21W/","> , Bi-Xenon D1S D1S - W5W HB4 PY21W WY21W/","2011","H1","Unknown","TOUAREG","OSRAM Guide"
230,"TIPO/VERSIONEVW> 2011, BI-XENON D1S D1S - W5W HB4 PY21W WY21W/","> , Bi-Xenon, avec éclairage","2014","HB4","Unknown","TOUAREG","OSRAM Guide"
231,"TIPO/VERSIONEVW> 2011, BI-XENON D1S D1S - W5W HB4 PY21W WY21W/","< , Bi-Xenon, avec éclairage","2015","H1","Unknown","","OSRAM Guide"
232,"TIPO/VERSIONEVW> 2011, BI-XENON D1S D1S - W5W HB4 PY21W WY21W/","< , Bi-Xenon, sans éclairage","2015","H1","Unknown","","OSRAM Guide"
233,"TIPO/VERSIONEVW> 2011, BI-XENON D1S D1S - W5W HB4 PY21W WY21W/","PY21WP21W R10W P21W R10W  -","6411","H1","Headlight","TOURAN","OSRAM Guide"
234,"TIPO/VERSIONEVW> 2011, BI-XENON D1S D1S - W5W HB4 PY21W WY21W/","PY21WR10W P21/5W C5W  6411Modèle/","6411","H7","Headlight","LEDP21W","OSRAM Guide"
235,"XL1 (6Z!) 02/14->> STANDARD LED LED LED LED - LED LED LED LED LED W5W -VW","ab  H11 H11 - - - W5W R10W R10W LED LED W5W","2004","H1","Unknown","APRILIAAF1","OSRAM Guide"
236,"TIPO/VERSIONEBMWR 1200 GS ADVENTURE (K51) 01/13->> HALOGEN H7 H7 - - - W5W RY10W/","R  RT 01/05->> Standard H7 H7 - - - W5W P21W/","1200","PY21W","Unknown","PY21WP21W","OSRAM Guide"
237,"ROCKET 2300 III ROADSTER (TLC1235) 11/12->> STANDARD H4 H4 - - - 3860 R10W R10W P21/5W P21/5W W5W","Street Triple 675 (TTL, TTL1166, TTL4066,","1066","W5W","Unknown","TTL4166","OSRAM Guide"