ID,Brand,Model,ConstructionYearStart,ConstructionYearEnd,TypeConception,LightType,Position,Category,PartNumber,Notes,Source
1,"ABARTH","124 Spider","03/16","Present","Halogen","H11","Feu de croisement","feu_de_croisement","","","OSRAM CSV Guide"
2,"ABARTH","124 Spider","03/16","Present","Halogen","H15","Feu de route","feu_de_route","","","OSRAM CSV Guide"
3,"ABARTH","124 Spider","03/16","Present","Halogen","H15","Feux antibrouillard","feu_antibrouillard","","","OSRAM CSV Guide"
4,"ABARTH","124 Spider","03/16","Present","Halogen","W5W","Feux de route supplémentaires","feu_route_supplementaire","","","OSRAM CSV Guide"
5,"ABARTH","124 Spider","03/16","Present","Halogen","WY21W","Clignotant avant voiture","clignotant_avant","","","OSRAM CSV Guide"
6,"ABARTH","124 Spider","03/16","Present","Halogen","WY21W","Clignotant arrière voiture","clignotant_arriere","","","OSRAM CSV Guide"
7,"ABARTH","124 Spider","03/16","Present","Halogen","LED","Feux de stop","feu_stop","","","OSRAM CSV Guide"
8,"ABARTH","124 Spider","03/16","Present","Halogen","W5W","Feux de plaque d'immatriculation","feu_plaque","","","OSRAM CSV Guide"
9,"ABARTH","124 Spider","03/16","Present","Halogen","6411","Éclairage intérieur","eclairage_interieur","","","OSRAM CSV Guide"
10,"ABARTH","124 Spider","03/16","Present","Halogen","-","Feu de coffre","feu_coffre","","","OSRAM CSV Guide"
11,"ABARTH","500 / 595 / 695","01/08","Present","> 2014, Halogen","H7","Feu de croisement","feu_de_croisement","","","OSRAM CSV Guide"
12,"ABARTH","500 / 595 / 695","01/08","Present","> 2014, Halogen","H1","Feu de route","feu_de_route","","","OSRAM CSV Guide"
13,"ABARTH","500 / 595 / 695","01/08","Present","> 2014, Halogen","W21","Feux antibrouillard","feu_antibrouillard","","","OSRAM CSV Guide"
14,"ABARTH","500 / 595 / 695","01/08","Present","> 2014, Halogen","W21","Feux de route supplémentaires","feu_route_supplementaire","","","OSRAM CSV Guide"
15,"ABARTH","500 / 595 / 695","01/08","Present","> 2014, Halogen","WY21W","Clignotant avant voiture","clignotant_avant","","","OSRAM CSV Guide"
16,"ABARTH","500 / 595 / 695","01/08","Present","> 2014, Halogen","PY21W","Clignotant arrière voiture","clignotant_arriere","","","OSRAM CSV Guide"
17,"ABARTH","500 / 595 / 695","01/08","Present","> 2014, Halogen","P21W","Feux de stop","feu_stop","","","OSRAM CSV Guide"
18,"ABARTH","500 / 595 / 695","01/08","Present","> 2014, Halogen","C5W","Feux de plaque d'immatriculation","feu_plaque","","","OSRAM CSV Guide"
19,"ABARTH","500 / 595 / 695","01/08","Present","> 2014, Halogen","C5W","Éclairage intérieur","eclairage_interieur","","","OSRAM CSV Guide"
20,"ABARTH","500 / 595 / 695","01/08","Present","> 2014, Halogen","W5W","Feu de coffre","feu_coffre","","","OSRAM CSV Guide"
21,"ABARTH","500C / 595C / 695C","05/08","Present","> 2014, Halogen","H7","Feu de croisement","feu_de_croisement","","","OSRAM CSV Guide"
22,"ABARTH","500C / 595C / 695C","05/08","Present","> 2014, Halogen","H1","Feu de route","feu_de_route","","","OSRAM CSV Guide"
23,"ABARTH","500C / 595C / 695C","05/08","Present","> 2014, Halogen","W21","Feux antibrouillard","feu_antibrouillard","","","OSRAM CSV Guide"
24,"ABARTH","500C / 595C / 695C","05/08","Present","> 2014, Halogen","W21","Feux de route supplémentaires","feu_route_supplementaire","","","OSRAM CSV Guide"
25,"ABARTH","500C / 595C / 695C","05/08","Present","> 2014, Halogen","WY21W","Clignotant avant voiture","clignotant_avant","","","OSRAM CSV Guide"
26,"ABARTH","500C / 595C / 695C","05/08","Present","> 2014, Halogen","PY21W","Clignotant arrière voiture","clignotant_arriere","","","OSRAM CSV Guide"
27,"ABARTH","500C / 595C / 695C","05/08","Present","> 2014, Halogen","P21W","Feux de stop","feu_stop","","","OSRAM CSV Guide"
28,"ABARTH","500C / 595C / 695C","05/08","Present","> 2014, Halogen","C5W","Feux de plaque d'immatriculation","feu_plaque","","","OSRAM CSV Guide"
29,"ABARTH","500C / 595C / 695C","05/08","Present","> 2014, Halogen","C5W","Éclairage intérieur","eclairage_interieur","","","OSRAM CSV Guide"
30,"ABARTH","500C / 595C / 695C","05/08","Present","> 2014, Halogen","W5W","Feu de coffre","feu_coffre","","","OSRAM CSV Guide"
31,"ABARTH","GRANDE PUNTO","12/07","12/12","Standard","H4","Feu de croisement","feu_de_croisement","","","OSRAM CSV Guide"
32,"ABARTH","GRANDE PUNTO","12/07","12/12","Standard","H4","Feu de route","feu_de_route","","","OSRAM CSV Guide"
33,"ABARTH","GRANDE PUNTO","12/07","12/12","Standard","-","Feux antibrouillard","feu_antibrouillard","","","OSRAM CSV Guide"
34,"ABARTH","GRANDE PUNTO","12/07","12/12","Standard","W5W","Feux de route supplémentaires","feu_route_supplementaire","","","OSRAM CSV Guide"
35,"ABARTH","GRANDE PUNTO","12/07","12/12","Standard","PY21W","Clignotant avant voiture","clignotant_avant","","","OSRAM CSV Guide"
36,"ABARTH","GRANDE PUNTO","12/07","12/12","Standard","P21W","Clignotant arrière voiture","clignotant_arriere","","","OSRAM CSV Guide"
37,"ABARTH","GRANDE PUNTO","12/07","12/12","Standard","P21","Feux de stop","feu_stop","","","OSRAM CSV Guide"
38,"ABARTH","GRANDE PUNTO","12/07","12/12","Standard","W5W","Feux de plaque d'immatriculation","feu_plaque","","","OSRAM CSV Guide"
39,"ABARTH","GRANDE PUNTO","12/07","12/12","Standard","6411","Éclairage intérieur","eclairage_interieur","","","OSRAM CSV Guide"
40,"ABARTH","GRANDE PUNTO","12/07","12/12","Standard","-","Feu de coffre","feu_coffre","","","OSRAM CSV Guide"
41,"ABARTH","PUNTO (199_)","07/08","Present","Standard","H4","Feu de croisement","feu_de_croisement","","","OSRAM CSV Guide"
42,"ABARTH","PUNTO (199_)","07/08","Present","Standard","H4","Feu de route","feu_de_route","","","OSRAM CSV Guide"
43,"ABARTH","PUNTO (199_)","07/08","Present","Standard","W21W","Feux antibrouillard","feu_antibrouillard","","","OSRAM CSV Guide"
44,"ABARTH","PUNTO (199_)","07/08","Present","Standard","W5W","Feux de route supplémentaires","feu_route_supplementaire","","","OSRAM CSV Guide"
45,"ABARTH","PUNTO (199_)","07/08","Present","Standard","PY21W","Clignotant avant voiture","clignotant_avant","","","OSRAM CSV Guide"
46,"ABARTH","PUNTO (199_)","07/08","Present","Standard","PY21W","Clignotant arrière voiture","clignotant_arriere","","","OSRAM CSV Guide"
47,"ABARTH","PUNTO (199_)","07/08","Present","Standard","P21W","Feux de stop","feu_stop","","","OSRAM CSV Guide"
48,"ABARTH","PUNTO (199_)","07/08","Present","Standard","W5W","Feux de plaque d'immatriculation","feu_plaque","","","OSRAM CSV Guide"
49,"ABARTH","PUNTO (199_)","07/08","Present","Standard","6411","Éclairage intérieur","eclairage_interieur","","","OSRAM CSV Guide"
50,"ABARTH","PUNTO (199_)","07/08","Present","Standard","-","Feu de coffre","feu_coffre","","","OSRAM CSV Guide"
51,"ALFA ROMEO","145 (930_)","07/94","01/01","Standard","H1","Feu de croisement","feu_de_croisement","","","OSRAM CSV Guide"
52,"ALFA ROMEO","145 (930_)","07/94","01/01","Standard","H1","Feu de route","feu_de_route","","","OSRAM CSV Guide"
53,"ALFA ROMEO","145 (930_)","07/94","01/01","Standard","-","Feux antibrouillard","feu_antibrouillard","","","OSRAM CSV Guide"
54,"ALFA ROMEO","145 (930_)","07/94","01/01","Standard","W5W","Feux de route supplémentaires","feu_route_supplementaire","","","OSRAM CSV Guide"
55,"ALFA ROMEO","145 (930_)","07/94","01/01","Standard","PY21W","Clignotant avant voiture","clignotant_avant","","","OSRAM CSV Guide"
56,"ALFA ROMEO","145 (930_)","07/94","01/01","Standard","PY21W","Clignotant arrière voiture","clignotant_arriere","","","OSRAM CSV Guide"
57,"ALFA ROMEO","145 (930_)","07/94","01/01","Standard","P21","Feux de stop","feu_stop","","","OSRAM CSV Guide"
58,"ALFA ROMEO","145 (930_)","07/94","01/01","Standard","W5W","Feux de plaque d'immatriculation","feu_plaque","","","OSRAM CSV Guide"
59,"ALFA ROMEO","145 (930_)","07/94","01/01","Standard","6411","Éclairage intérieur","eclairage_interieur","","","OSRAM CSV Guide"
60,"ALFA ROMEO","145 (930_)","07/94","01/01","Standard","6411","Feu de coffre","feu_coffre","","","OSRAM CSV Guide"
61,"ALFA ROMEO","146 (930_)","12/94","01/01","> 1997","H1","Feu de croisement","feu_de_croisement","","","OSRAM CSV Guide"
62,"ALFA ROMEO","146 (930_)","12/94","01/01","> 1997","H1","Feu de route","feu_de_route","","","OSRAM CSV Guide"
63,"ALFA ROMEO","146 (930_)","12/94","01/01","> 1997","-","Feux antibrouillard","feu_antibrouillard","","","OSRAM CSV Guide"
64,"ALFA ROMEO","146 (930_)","12/94","01/01","> 1997","W5W","Feux de route supplémentaires","feu_route_supplementaire","","","OSRAM CSV Guide"
65,"ALFA ROMEO","146 (930_)","12/94","01/01","> 1997","PY21W","Clignotant avant voiture","clignotant_avant","","","OSRAM CSV Guide"
66,"ALFA ROMEO","146 (930_)","12/94","01/01","> 1997","PY21W","Clignotant arrière voiture","clignotant_arriere","","","OSRAM CSV Guide"
67,"ALFA ROMEO","146 (930_)","12/94","01/01","> 1997","P21","Feux de stop","feu_stop","","","OSRAM CSV Guide"
68,"ALFA ROMEO","146 (930_)","12/94","01/01","> 1997","W5W","Feux de plaque d'immatriculation","feu_plaque","","","OSRAM CSV Guide"
69,"ALFA ROMEO","146 (930_)","12/94","01/01","> 1997","6411","Éclairage intérieur","eclairage_interieur","","","OSRAM CSV Guide"
70,"ALFA ROMEO","146 (930_)","12/94","01/01","> 1997","6411","Feu de coffre","feu_coffre","","","OSRAM CSV Guide"
71,"ALFA ROMEO","147 (937_)","11/00","03/10","> 2004, Halogen","H7","Feu de croisement","feu_de_croisement","","","OSRAM CSV Guide"
72,"ALFA ROMEO","147 (937_)","11/00","03/10","> 2004, Halogen","H7","Feu de route","feu_de_route","","","OSRAM CSV Guide"
73,"ALFA ROMEO","147 (937_)","11/00","03/10","> 2004, Halogen","-","Feux antibrouillard","feu_antibrouillard","","","OSRAM CSV Guide"
74,"ALFA ROMEO","147 (937_)","11/00","03/10","> 2004, Halogen","H6W","Feux de route supplémentaires","feu_route_supplementaire","","","OSRAM CSV Guide"
75,"ALFA ROMEO","147 (937_)","11/00","03/10","> 2004, Halogen","H21W","Clignotant avant voiture","clignotant_avant","","","OSRAM CSV Guide"
76,"ALFA ROMEO","147 (937_)","11/00","03/10","> 2004, Halogen","P21W","Clignotant arrière voiture","clignotant_arriere","","","OSRAM CSV Guide"
77,"ALFA ROMEO","147 (937_)","11/00","03/10","> 2004, Halogen","P21","Feux de stop","feu_stop","","","OSRAM CSV Guide"
78,"ALFA ROMEO","147 (937_)","11/00","03/10","> 2004, Halogen","W5W","Feux de plaque d'immatriculation","feu_plaque","","","OSRAM CSV Guide"
79,"ALFA ROMEO","147 (937_)","11/00","03/10","> 2004, Halogen","6411","Éclairage intérieur","eclairage_interieur","","","OSRAM CSV Guide"
80,"ALFA ROMEO","147 (937_)","11/00","03/10","> 2004, Halogen","6411","Feu de coffre","feu_coffre","","","OSRAM CSV Guide"
81,"ALFA ROMEO","155 (167_)","01/92","12/97","Standard","H1","Feu de croisement","feu_de_croisement","","","OSRAM CSV Guide"
82,"ALFA ROMEO","155 (167_)","01/92","12/97","Standard","H1","Feu de route","feu_de_route","","","OSRAM CSV Guide"
83,"ALFA ROMEO","155 (167_)","01/92","12/97","Standard","-","Feux antibrouillard","feu_antibrouillard","","","OSRAM CSV Guide"
84,"ALFA ROMEO","155 (167_)","01/92","12/97","Standard","W5W","Feux de route supplémentaires","feu_route_supplementaire","","","OSRAM CSV Guide"
85,"ALFA ROMEO","155 (167_)","01/92","12/97","Standard","P21W","Clignotant avant voiture","clignotant_avant","","","OSRAM CSV Guide"
86,"ALFA ROMEO","155 (167_)","01/92","12/97","Standard","P21W","Clignotant arrière voiture","clignotant_arriere","","","OSRAM CSV Guide"
87,"ALFA ROMEO","155 (167_)","01/92","12/97","Standard","P21W","Feux de stop","feu_stop","","","OSRAM CSV Guide"
88,"ALFA ROMEO","155 (167_)","01/92","12/97","Standard","W5W","Feux de plaque d'immatriculation","feu_plaque","","","OSRAM CSV Guide"
89,"ALFA ROMEO","155 (167_)","01/92","12/97","Standard","6411","Éclairage intérieur","eclairage_interieur","","","OSRAM CSV Guide"
90,"ALFA ROMEO","155 (167_)","01/92","12/97","Standard","**","Feu de coffre","feu_coffre","","","OSRAM CSV Guide"
91,"ALFA ROMEO","156 (932_)","09/97","09/05","Halogen","H7","Feu de croisement","feu_de_croisement","","","OSRAM CSV Guide"
92,"ALFA ROMEO","156 (932_)","09/97","09/05","Halogen","H1","Feu de route","feu_de_route","","","OSRAM CSV Guide"
93,"ALFA ROMEO","156 (932_)","09/97","09/05","Halogen","-","Feux antibrouillard","feu_antibrouillard","","","OSRAM CSV Guide"
94,"ALFA ROMEO","156 (932_)","09/97","09/05","Halogen","H6W","Feux de route supplémentaires","feu_route_supplementaire","","","OSRAM CSV Guide"
95,"ALFA ROMEO","156 (932_)","09/97","09/05","Halogen","PY21W","Clignotant avant voiture","clignotant_avant","","","OSRAM CSV Guide"
96,"ALFA ROMEO","156 (932_)","09/97","09/05","Halogen","P21W","Clignotant arrière voiture","clignotant_arriere","","","OSRAM CSV Guide"
97,"ALFA ROMEO","156 (932_)","09/97","09/05","Halogen","P21","Feux de stop","feu_stop","","","OSRAM CSV Guide"
98,"ALFA ROMEO","156 (932_)","09/97","09/05","Halogen","W5W","Feux de plaque d'immatriculation","feu_plaque","","","OSRAM CSV Guide"
99,"ALFA ROMEO","156 (932_)","09/97","09/05","Halogen","6411","Éclairage intérieur","eclairage_interieur","","","OSRAM CSV Guide"
100,"ALFA ROMEO","156 (932_)","09/97","09/05","Halogen","6413","Feu de coffre","feu_coffre","","","OSRAM CSV Guide"
101,"ALFA ROMEO","156 Sportwagon (932_)","01/00","05/06","Halogen","H7","Feu de croisement","feu_de_croisement","","","OSRAM CSV Guide"
102,"ALFA ROMEO","156 Sportwagon (932_)","01/00","05/06","Halogen","H1","Feu de route","feu_de_route","","","OSRAM CSV Guide"
103,"ALFA ROMEO","156 Sportwagon (932_)","01/00","05/06","Halogen","-","Feux antibrouillard","feu_antibrouillard","","","OSRAM CSV Guide"
104,"ALFA ROMEO","156 Sportwagon (932_)","01/00","05/06","Halogen","H6W","Feux de route supplémentaires","feu_route_supplementaire","","","OSRAM CSV Guide"
105,"ALFA ROMEO","156 Sportwagon (932_)","01/00","05/06","Halogen","PY21W","Clignotant avant voiture","clignotant_avant","","","OSRAM CSV Guide"
106,"ALFA ROMEO","156 Sportwagon (932_)","01/00","05/06","Halogen","P21W","Clignotant arrière voiture","clignotant_arriere","","","OSRAM CSV Guide"
107,"ALFA ROMEO","156 Sportwagon (932_)","01/00","05/06","Halogen","P21","Feux de stop","feu_stop","","","OSRAM CSV Guide"
108,"ALFA ROMEO","156 Sportwagon (932_)","01/00","05/06","Halogen","W5W","Feux de plaque d'immatriculation","feu_plaque","","","OSRAM CSV Guide"
109,"ALFA ROMEO","156 Sportwagon (932_)","01/00","05/06","Halogen","6411","Éclairage intérieur","eclairage_interieur","","","OSRAM CSV Guide"
110,"ALFA ROMEO","156 Sportwagon (932_)","01/00","05/06","Halogen","6413","Feu de coffre","feu_coffre","","","OSRAM CSV Guide"
111,"ALFA ROMEO","159 (939_)","09/05","11/11","Halogen","H7","Feu de croisement","feu_de_croisement","","","OSRAM CSV Guide"
112,"ALFA ROMEO","159 (939_)","09/05","11/11","Halogen","H7","Feu de route","feu_de_route","","","OSRAM CSV Guide"
113,"ALFA ROMEO","159 (939_)","09/05","11/11","Halogen","-","Feux antibrouillard","feu_antibrouillard","","","OSRAM CSV Guide"
114,"ALFA ROMEO","159 (939_)","09/05","11/11","Halogen","W5W","Feux de route supplémentaires","feu_route_supplementaire","","","OSRAM CSV Guide"
115,"ALFA ROMEO","159 (939_)","09/05","11/11","Halogen","PY21W","Clignotant avant voiture","clignotant_avant","","","OSRAM CSV Guide"
116,"ALFA ROMEO","159 (939_)","09/05","11/11","Halogen","PY21W","Clignotant arrière voiture","clignotant_arriere","","","OSRAM CSV Guide"
117,"ALFA ROMEO","159 (939_)","09/05","11/11","Halogen","P21","Feux de stop","feu_stop","","","OSRAM CSV Guide"
118,"ALFA ROMEO","159 (939_)","09/05","11/11","Halogen","W5W","Feux de plaque d'immatriculation","feu_plaque","","","OSRAM CSV Guide"
119,"ALFA ROMEO","159 (939_)","09/05","11/11","Halogen","6411","Éclairage intérieur","eclairage_interieur","","","OSRAM CSV Guide"
120,"ALFA ROMEO","159 (939_)","09/05","11/11","Halogen","6411","Feu de coffre","feu_coffre","","","OSRAM CSV Guide"
121,"ALFA ROMEO","159 Sportwagon (939_)","03/06","11/11","Halogen","H7","Feu de croisement","feu_de_croisement","","","OSRAM CSV Guide"
122,"ALFA ROMEO","159 Sportwagon (939_)","03/06","11/11","Halogen","H7","Feu de route","feu_de_route","","","OSRAM CSV Guide"
123,"ALFA ROMEO","159 Sportwagon (939_)","03/06","11/11","Halogen","-","Feux antibrouillard","feu_antibrouillard","","","OSRAM CSV Guide"
124,"ALFA ROMEO","159 Sportwagon (939_)","03/06","11/11","Halogen","W5W","Feux de route supplémentaires","feu_route_supplementaire","","","OSRAM CSV Guide"
125,"ALFA ROMEO","159 Sportwagon (939_)","03/06","11/11","Halogen","PY21W","Clignotant avant voiture","clignotant_avant","","","OSRAM CSV Guide"
126,"ALFA ROMEO","159 Sportwagon (939_)","03/06","11/11","Halogen","PY21W","Clignotant arrière voiture","clignotant_arriere","","","OSRAM CSV Guide"
127,"ALFA ROMEO","159 Sportwagon (939_)","03/06","11/11","Halogen","P21","Feux de stop","feu_stop","","","OSRAM CSV Guide"
128,"ALFA ROMEO","159 Sportwagon (939_)","03/06","11/11","Halogen","W5W","Feux de plaque d'immatriculation","feu_plaque","","","OSRAM CSV Guide"
129,"ALFA ROMEO","159 Sportwagon (939_)","03/06","11/11","Halogen","-","Éclairage intérieur","eclairage_interieur","","","OSRAM CSV Guide"
130,"ALFA ROMEO","159 Sportwagon (939_)","03/06","11/11","Halogen","6411","Feu de coffre","feu_coffre","","","OSRAM CSV Guide"
131,"ALFA ROMEO","164 (164_)","01/87","09/98","> 1991","H4","Feu de croisement","feu_de_croisement","","","OSRAM CSV Guide"
132,"ALFA ROMEO","164 (164_)","01/87","09/98","> 1991","H4","Feu de route","feu_de_route","","","OSRAM CSV Guide"
133,"ALFA ROMEO","164 (164_)","01/87","09/98","> 1991","-","Feux antibrouillard","feu_antibrouillard","","","OSRAM CSV Guide"
134,"ALFA ROMEO","164 (164_)","01/87","09/98","> 1991","W5W","Feux de route supplémentaires","feu_route_supplementaire","","","OSRAM CSV Guide"
135,"ALFA ROMEO","164 (164_)","01/87","09/98","> 1991","P21W","Clignotant avant voiture","clignotant_avant","","","OSRAM CSV Guide"
136,"ALFA ROMEO","164 (164_)","01/87","09/98","> 1991","P21W","Clignotant arrière voiture","clignotant_arriere","","","OSRAM CSV Guide"
137,"ALFA ROMEO","164 (164_)","01/87","09/98","> 1991","P21W","Feux de stop","feu_stop","","","OSRAM CSV Guide"
138,"ALFA ROMEO","164 (164_)","01/87","09/98","> 1991","R5W","Feux de plaque d'immatriculation","feu_plaque","","","OSRAM CSV Guide"
139,"ALFA ROMEO","164 (164_)","01/87","09/98","> 1991","C5W","Éclairage intérieur","eclairage_interieur","","","OSRAM CSV Guide"
140,"ALFA ROMEO","164 (164_)","01/87","09/98","> 1991","C5W","Feu de coffre","feu_coffre","","","OSRAM CSV Guide"
141,"ALFA ROMEO","166 (936_)","09/98","06/07","Halogen","H7","Feu de croisement","feu_de_croisement","","","OSRAM CSV Guide"
142,"ALFA ROMEO","166 (936_)","09/98","06/07","Halogen","HB3","Feu de route","feu_de_route","","","OSRAM CSV Guide"
143,"ALFA ROMEO","166 (936_)","09/98","06/07","Halogen","-","Feux antibrouillard","feu_antibrouillard","","","OSRAM CSV Guide"
144,"ALFA ROMEO","166 (936_)","09/98","06/07","Halogen","H6W","Feux de route supplémentaires","feu_route_supplementaire","","","OSRAM CSV Guide"
145,"ALFA ROMEO","166 (936_)","09/98","06/07","Halogen","PY21W","Clignotant avant voiture","clignotant_avant","","","OSRAM CSV Guide"
146,"ALFA ROMEO","166 (936_)","09/98","06/07","Halogen","LED","Clignotant arrière voiture","clignotant_arriere","","","OSRAM CSV Guide"
147,"ALFA ROMEO","166 (936_)","09/98","06/07","Halogen","P21","Feux de stop","feu_stop","","","OSRAM CSV Guide"
148,"ALFA ROMEO","166 (936_)","09/98","06/07","Halogen","W5W","Feux de plaque d'immatriculation","feu_plaque","","","OSRAM CSV Guide"
149,"ALFA ROMEO","166 (936_)","09/98","06/07","Halogen","6411","Éclairage intérieur","eclairage_interieur","","","OSRAM CSV Guide"
150,"ALFA ROMEO","166 (936_)","09/98","06/07","Halogen","-","Feu de coffre","feu_coffre","","","OSRAM CSV Guide"
151,"ALFA ROMEO","33 (907_)","01/90","09/94","Standard","H4","Feu de croisement","feu_de_croisement","","","OSRAM CSV Guide"
152,"ALFA ROMEO","33 (907_)","01/90","09/94","Standard","H4","Feu de route","feu_de_route","","","OSRAM CSV Guide"
153,"ALFA ROMEO","33 (907_)","01/90","09/94","Standard","-","Feux antibrouillard","feu_antibrouillard","","","OSRAM CSV Guide"
154,"ALFA ROMEO","33 (907_)","01/90","09/94","Standard","W5W","Feux de route supplémentaires","feu_route_supplementaire","","","OSRAM CSV Guide"
155,"ALFA ROMEO","33 (907_)","01/90","09/94","Standard","P21W","Clignotant avant voiture","clignotant_avant","","","OSRAM CSV Guide"
156,"ALFA ROMEO","33 (907_)","01/90","09/94","Standard","P21W","Clignotant arrière voiture","clignotant_arriere","","","OSRAM CSV Guide"
157,"ALFA ROMEO","33 (907_)","01/90","09/94","Standard","P21W","Feux de stop","feu_stop","","","OSRAM CSV Guide"
158,"ALFA ROMEO","33 (907_)","01/90","09/94","Standard","C5W","Feux de plaque d'immatriculation","feu_plaque","","","OSRAM CSV Guide"
159,"ALFA ROMEO","33 (907_)","01/90","09/94","Standard","C5W","Éclairage intérieur","eclairage_interieur","","","OSRAM CSV Guide"
160,"ALFA ROMEO","33 (907_)","01/90","09/94","Standard","T4W","Feu de coffre","feu_coffre","","","OSRAM CSV Guide"
161,"ALFA ROMEO","33 Sportwagon (907_)","01/90","09/94","Standard","H4","Feu de croisement","feu_de_croisement","","","OSRAM CSV Guide"
162,"ALFA ROMEO","33 Sportwagon (907_)","01/90","09/94","Standard","H4","Feu de route","feu_de_route","","","OSRAM CSV Guide"
163,"ALFA ROMEO","33 Sportwagon (907_)","01/90","09/94","Standard","-","Feux antibrouillard","feu_antibrouillard","","","OSRAM CSV Guide"
164,"ALFA ROMEO","33 Sportwagon (907_)","01/90","09/94","Standard","W5W","Feux de route supplémentaires","feu_route_supplementaire","","","OSRAM CSV Guide"
165,"ALFA ROMEO","33 Sportwagon (907_)","01/90","09/94","Standard","P21W","Clignotant avant voiture","clignotant_avant","","","OSRAM CSV Guide"
166,"ALFA ROMEO","33 Sportwagon (907_)","01/90","09/94","Standard","P21W","Clignotant arrière voiture","clignotant_arriere","","","OSRAM CSV Guide"
167,"ALFA ROMEO","33 Sportwagon (907_)","01/90","09/94","Standard","P21W","Feux de stop","feu_stop","","","OSRAM CSV Guide"
168,"ALFA ROMEO","33 Sportwagon (907_)","01/90","09/94","Standard","R5W","Feux de plaque d'immatriculation","feu_plaque","","","OSRAM CSV Guide"
169,"ALFA ROMEO","33 Sportwagon (907_)","01/90","09/94","Standard","C5W","Éclairage intérieur","eclairage_interieur","","","OSRAM CSV Guide"
170,"ALFA ROMEO","33 Sportwagon (907_)","01/90","09/94","Standard","T4W","Feu de coffre","feu_coffre","","","OSRAM CSV Guide"
171,"ALFA ROMEO","4C (960_)","03/13","Present","Halogen","H7","Feu de croisement","feu_de_croisement","","","OSRAM CSV Guide"
172,"ALFA ROMEO","4C (960_)","03/13","Present","Halogen","H7","Feu de route","feu_de_route","","","OSRAM CSV Guide"
173,"ALFA ROMEO","4C (960_)","03/13","Present","Halogen","LED","Feux antibrouillard","feu_antibrouillard","","","OSRAM CSV Guide"
174,"ALFA ROMEO","4C (960_)","03/13","Present","Halogen","LED","Feux de route supplémentaires","feu_route_supplementaire","","","OSRAM CSV Guide"
175,"ALFA ROMEO","4C (960_)","03/13","Present","Halogen","PY21W","Clignotant avant voiture","clignotant_avant","","","OSRAM CSV Guide"
176,"ALFA ROMEO","4C (960_)","03/13","Present","Halogen","P21W","Clignotant arrière voiture","clignotant_arriere","","","OSRAM CSV Guide"
177,"ALFA ROMEO","4C (960_)","03/13","Present","Halogen","LED","Feux de stop","feu_stop","","","OSRAM CSV Guide"
178,"ALFA ROMEO","4C (960_)","03/13","Present","Halogen","W5W","Feux de plaque d'immatriculation","feu_plaque","","","OSRAM CSV Guide"
179,"ALFA ROMEO","4C (960_)","03/13","Present","Halogen","6411","Éclairage intérieur","eclairage_interieur","","","OSRAM CSV Guide"
180,"ALFA ROMEO","4C (960_)","03/13","Present","Halogen","W5W","Feu de coffre","feu_coffre","","","OSRAM CSV Guide"
181,"ALFA ROMEO","4C SPIDER (960_)","10/14","Present","Halogen","H7","Feu de croisement","feu_de_croisement","","","OSRAM CSV Guide"
182,"ALFA ROMEO","4C SPIDER (960_)","10/14","Present","Halogen","H7","Feu de route","feu_de_route","","","OSRAM CSV Guide"
183,"ALFA ROMEO","4C SPIDER (960_)","10/14","Present","Halogen","LED","Feux antibrouillard","feu_antibrouillard","","","OSRAM CSV Guide"
184,"ALFA ROMEO","4C SPIDER (960_)","10/14","Present","Halogen","LED","Feux de route supplémentaires","feu_route_supplementaire","","","OSRAM CSV Guide"
185,"ALFA ROMEO","4C SPIDER (960_)","10/14","Present","Halogen","PY21W","Clignotant avant voiture","clignotant_avant","","","OSRAM CSV Guide"
186,"ALFA ROMEO","4C SPIDER (960_)","10/14","Present","Halogen","P21W","Clignotant arrière voiture","clignotant_arriere","","","OSRAM CSV Guide"
187,"ALFA ROMEO","4C SPIDER (960_)","10/14","Present","Halogen","LED","Feux de stop","feu_stop","","","OSRAM CSV Guide"
188,"ALFA ROMEO","4C SPIDER (960_)","10/14","Present","Halogen","W5W","Feux de plaque d'immatriculation","feu_plaque","","","OSRAM CSV Guide"
189,"ALFA ROMEO","4C SPIDER (960_)","10/14","Present","Halogen","6411","Éclairage intérieur","eclairage_interieur","","","OSRAM CSV Guide"
190,"ALFA ROMEO","4C SPIDER (960_)","10/14","Present","Halogen","W5W","Feu de coffre","feu_coffre","","","OSRAM CSV Guide"
191,"ALFA ROMEO","75 (162_)","05/85","12/92","Standard","H4","Feu de croisement","feu_de_croisement","","","OSRAM CSV Guide"
192,"ALFA ROMEO","75 (162_)","05/85","12/92","Standard","H4","Feu de route","feu_de_route","","","OSRAM CSV Guide"
193,"ALFA ROMEO","75 (162_)","05/85","12/92","Standard","-","Feux antibrouillard","feu_antibrouillard","","","OSRAM CSV Guide"
194,"ALFA ROMEO","75 (162_)","05/85","12/92","Standard","T4W","Feux de route supplémentaires","feu_route_supplementaire","","","OSRAM CSV Guide"
195,"ALFA ROMEO","75 (162_)","05/85","12/92","Standard","P21W","Clignotant avant voiture","clignotant_avant","","","OSRAM CSV Guide"
196,"ALFA ROMEO","75 (162_)","05/85","12/92","Standard","P21W","Clignotant arrière voiture","clignotant_arriere","","","OSRAM CSV Guide"
197,"ALFA ROMEO","75 (162_)","05/85","12/92","Standard","P21W","Feux de stop","feu_stop","","","OSRAM CSV Guide"
198,"ALFA ROMEO","75 (162_)","05/85","12/92","Standard","C5W","Feux de plaque d'immatriculation","feu_plaque","","","OSRAM CSV Guide"
199,"ALFA ROMEO","75 (162_)","05/85","12/92","Standard","6411","Éclairage intérieur","eclairage_interieur","","","OSRAM CSV Guide"
200,"ALFA ROMEO","75 (162_)","05/85","12/92","Standard","-","Feu de coffre","feu_coffre","","","OSRAM CSV Guide"
201,"ALFA ROMEO","BRERA (939_)","01/06","06/10","Halogen","H7","Feu de croisement","feu_de_croisement","","","OSRAM CSV Guide"
202,"ALFA ROMEO","BRERA (939_)","01/06","06/10","Halogen","H7","Feu de route","feu_de_route","","","OSRAM CSV Guide"
203,"ALFA ROMEO","BRERA (939_)","01/06","06/10","Halogen","-","Feux antibrouillard","feu_antibrouillard","","","OSRAM CSV Guide"
204,"ALFA ROMEO","BRERA (939_)","01/06","06/10","Halogen","W5W","Feux de route supplémentaires","feu_route_supplementaire","","","OSRAM CSV Guide"
205,"ALFA ROMEO","BRERA (939_)","01/06","06/10","Halogen","PY21W","Clignotant avant voiture","clignotant_avant","","","OSRAM CSV Guide"
206,"ALFA ROMEO","BRERA (939_)","01/06","06/10","Halogen","P21W","Clignotant arrière voiture","clignotant_arriere","","","OSRAM CSV Guide"
207,"ALFA ROMEO","BRERA (939_)","01/06","06/10","Halogen","P21","Feux de stop","feu_stop","","","OSRAM CSV Guide"
208,"ALFA ROMEO","BRERA (939_)","01/06","06/10","Halogen","W5W","Feux de plaque d'immatriculation","feu_plaque","","","OSRAM CSV Guide"
209,"ALFA ROMEO","BRERA (939_)","01/06","06/10","Halogen","6411","Éclairage intérieur","eclairage_interieur","","","OSRAM CSV Guide"
210,"ALFA ROMEO","BRERA (939_)","01/06","06/10","Halogen","6411","Feu de coffre","feu_coffre","","","OSRAM CSV Guide"
211,"ALFA ROMEO","GIULIA (952_)","10/15","Present","Halogen","H7","Feu de croisement","feu_de_croisement","","","OSRAM CSV Guide"
212,"ALFA ROMEO","GIULIA (952_)","10/15","Present","Halogen","H15","Feu de route","feu_de_route","","","OSRAM CSV Guide"
213,"ALFA ROMEO","GIULIA (952_)","10/15","Present","Halogen","H15","Feux antibrouillard","feu_antibrouillard","","","OSRAM CSV Guide"
214,"ALFA ROMEO","GIULIA (952_)","10/15","Present","Halogen","H15","Feux de route supplémentaires","feu_route_supplementaire","","","OSRAM CSV Guide"
215,"ALFA ROMEO","GIULIA (952_)","10/15","Present","Halogen","**","Clignotant avant voiture","clignotant_avant","","","OSRAM CSV Guide"
216,"ALFA ROMEO","GIULIA (952_)","10/15","Present","Halogen","LED","Clignotant arrière voiture","clignotant_arriere","","","OSRAM CSV Guide"
217,"ALFA ROMEO","GIULIA (952_)","10/15","Present","Halogen","LED","Feux de stop","feu_stop","","","OSRAM CSV Guide"
218,"ALFA ROMEO","GIULIA (952_)","10/15","Present","Halogen","LED","Feux de plaque d'immatriculation","feu_plaque","","","OSRAM CSV Guide"
219,"ALFA ROMEO","GIULIA (952_)","10/15","Present","Halogen","LED","Éclairage intérieur","eclairage_interieur","","","OSRAM CSV Guide"
220,"ALFA ROMEO","GIULIA (952_)","10/15","Present","Halogen","W5W","Feu de coffre","feu_coffre","","","OSRAM CSV Guide"
221,"ALFA ROMEO","GIULIETTA (940_)","04/10","Present","Halogen","H7","Feu de croisement","feu_de_croisement","","","OSRAM CSV Guide"
222,"ALFA ROMEO","GIULIETTA (940_)","04/10","Present","Halogen","H1","Feu de route","feu_de_route","","","OSRAM CSV Guide"
223,"ALFA ROMEO","GIULIETTA (940_)","04/10","Present","Halogen","LED","Feux antibrouillard","feu_antibrouillard","","","OSRAM CSV Guide"
224,"ALFA ROMEO","GIULIETTA (940_)","04/10","Present","Halogen","LED","Feux de route supplémentaires","feu_route_supplementaire","","","OSRAM CSV Guide"
225,"ALFA ROMEO","GIULIETTA (940_)","04/10","Present","Halogen","**","Clignotant avant voiture","clignotant_avant","","","OSRAM CSV Guide"
226,"ALFA ROMEO","GIULIETTA (940_)","04/10","Present","Halogen","R10W","Clignotant arrière voiture","clignotant_arriere","","","OSRAM CSV Guide"
227,"ALFA ROMEO","GIULIETTA (940_)","04/10","Present","Halogen","LED","Feux de stop","feu_stop","","","OSRAM CSV Guide"
228,"ALFA ROMEO","GIULIETTA (940_)","04/10","Present","Halogen","W5W","Feux de plaque d'immatriculation","feu_plaque","","","OSRAM CSV Guide"
229,"ALFA ROMEO","GIULIETTA (940_)","04/10","Present","Halogen","6411","Éclairage intérieur","eclairage_interieur","","","OSRAM CSV Guide"
230,"ALFA ROMEO","GIULIETTA (940_)","04/10","Present","Halogen","W5W","Feu de coffre","feu_coffre","","","OSRAM CSV Guide"
231,"ALFA ROMEO","GIULIETTA Hatchback Van (940_)","04/11","Present","Halogen","H7","Feu de croisement","feu_de_croisement","","","OSRAM CSV Guide"
232,"ALFA ROMEO","GIULIETTA Hatchback Van (940_)","04/11","Present","Halogen","H1","Feu de route","feu_de_route","","","OSRAM CSV Guide"
233,"ALFA ROMEO","GIULIETTA Hatchback Van (940_)","04/11","Present","Halogen","LED","Feux antibrouillard","feu_antibrouillard","","","OSRAM CSV Guide"
234,"ALFA ROMEO","GIULIETTA Hatchback Van (940_)","04/11","Present","Halogen","LED","Feux de route supplémentaires","feu_route_supplementaire","","","OSRAM CSV Guide"
235,"ALFA ROMEO","GIULIETTA Hatchback Van (940_)","04/11","Present","Halogen","**","Clignotant avant voiture","clignotant_avant","","","OSRAM CSV Guide"
236,"ALFA ROMEO","GIULIETTA Hatchback Van (940_)","04/11","Present","Halogen","R10W","Clignotant arrière voiture","clignotant_arriere","","","OSRAM CSV Guide"
237,"ALFA ROMEO","GIULIETTA Hatchback Van (940_)","04/11","Present","Halogen","LED","Feux de stop","feu_stop","","","OSRAM CSV Guide"
238,"ALFA ROMEO","GIULIETTA Hatchback Van (940_)","04/11","Present","Halogen","W5W","Feux de plaque d'immatriculation","feu_plaque","","","OSRAM CSV Guide"
239,"ALFA ROMEO","GIULIETTA Hatchback Van (940_)","04/11","Present","Halogen","6411","Éclairage intérieur","eclairage_interieur","","","OSRAM CSV Guide"
240,"ALFA ROMEO","GIULIETTA Hatchback Van (940_)","04/11","Present","Halogen","W5W","Feu de coffre","feu_coffre","","","OSRAM CSV Guide"
241,"ALFA ROMEO","GT (937_)","11/03","09/10","Halogen","H7","Feu de croisement","feu_de_croisement","","","OSRAM CSV Guide"
242,"ALFA ROMEO","GT (937_)","11/03","09/10","Halogen","H7","Feu de route","feu_de_route","","","OSRAM CSV Guide"
243,"ALFA ROMEO","GT (937_)","11/03","09/10","Halogen","-","Feux antibrouillard","feu_antibrouillard","","","OSRAM CSV Guide"
244,"ALFA ROMEO","GT (937_)","11/03","09/10","Halogen","H6W","Feux de route supplémentaires","feu_route_supplementaire","","","OSRAM CSV Guide"
245,"ALFA ROMEO","GT (937_)","11/03","09/10","Halogen","H21W","Clignotant avant voiture","clignotant_avant","","","OSRAM CSV Guide"
246,"ALFA ROMEO","GT (937_)","11/03","09/10","Halogen","H21W","Clignotant arrière voiture","clignotant_arriere","","","OSRAM CSV Guide"
247,"ALFA ROMEO","GT (937_)","11/03","09/10","Halogen","P21","Feux de stop","feu_stop","","","OSRAM CSV Guide"
248,"ALFA ROMEO","GT (937_)","11/03","09/10","Halogen","W5W","Feux de plaque d'immatriculation","feu_plaque","","","OSRAM CSV Guide"
249,"ALFA ROMEO","GT (937_)","11/03","09/10","Halogen","6411","Éclairage intérieur","eclairage_interieur","","","OSRAM CSV Guide"
250,"ALFA ROMEO","GT (937_)","11/03","09/10","Halogen","C5W","Feu de coffre","feu_coffre","","","OSRAM CSV Guide"
251,"ALFA ROMEO","GTV (916_)","09/94","10/05","Standard","HB3","Feu de croisement","feu_de_croisement","","","OSRAM CSV Guide"
252,"ALFA ROMEO","GTV (916_)","09/94","10/05","Standard","HB3","Feu de route","feu_de_route","","","OSRAM CSV Guide"
253,"ALFA ROMEO","GTV (916_)","09/94","10/05","Standard","-","Feux antibrouillard","feu_antibrouillard","","","OSRAM CSV Guide"
254,"ALFA ROMEO","GTV (916_)","09/94","10/05","Standard","W5W","Feux de route supplémentaires","feu_route_supplementaire","","","OSRAM CSV Guide"
255,"ALFA ROMEO","GTV (916_)","09/94","10/05","Standard","P21W","Clignotant avant voiture","clignotant_avant","","","OSRAM CSV Guide"
256,"ALFA ROMEO","GTV (916_)","09/94","10/05","Standard","P21W","Clignotant arrière voiture","clignotant_arriere","","","OSRAM CSV Guide"
257,"ALFA ROMEO","GTV (916_)","09/94","10/05","Standard","P21","Feux de stop","feu_stop","","","OSRAM CSV Guide"
258,"ALFA ROMEO","GTV (916_)","09/94","10/05","Standard","W5W","Feux de plaque d'immatriculation","feu_plaque","","","OSRAM CSV Guide"
259,"ALFA ROMEO","GTV (916_)","09/94","10/05","Standard","6411","Éclairage intérieur","eclairage_interieur","","","OSRAM CSV Guide"
260,"ALFA ROMEO","GTV (916_)","09/94","10/05","Standard","-","Feu de coffre","feu_coffre","","","OSRAM CSV Guide"
261,"ALFA ROMEO","MITO (955_)","09/08","Present","Halogen","H7","Feu de croisement","feu_de_croisement","","","OSRAM CSV Guide"
262,"ALFA ROMEO","MITO (955_)","09/08","Present","Halogen","H7","Feu de route","feu_de_route","","","OSRAM CSV Guide"
263,"ALFA ROMEO","MITO (955_)","09/08","Present","Halogen","W21","Feux antibrouillard","feu_antibrouillard","","","OSRAM CSV Guide"
264,"ALFA ROMEO","MITO (955_)","09/08","Present","Halogen","W21","Feux de route supplémentaires","feu_route_supplementaire","","","OSRAM CSV Guide"
265,"ALFA ROMEO","MITO (955_)","09/08","Present","Halogen","**","Clignotant avant voiture","clignotant_avant","","","OSRAM CSV Guide"
266,"ALFA ROMEO","MITO (955_)","09/08","Present","Halogen","P21W","Clignotant arrière voiture","clignotant_arriere","","","OSRAM CSV Guide"
267,"ALFA ROMEO","MITO (955_)","09/08","Present","Halogen","LED","Feux de stop","feu_stop","","","OSRAM CSV Guide"
268,"ALFA ROMEO","MITO (955_)","09/08","Present","Halogen","W5W","Feux de plaque d'immatriculation","feu_plaque","","","OSRAM CSV Guide"
269,"ALFA ROMEO","MITO (955_)","09/08","Present","Halogen","6411","Éclairage intérieur","eclairage_interieur","","","OSRAM CSV Guide"
270,"ALFA ROMEO","MITO (955_)","09/08","Present","Halogen","W5W","Feu de coffre","feu_coffre","","","OSRAM CSV Guide"
271,"ALFA ROMEO","SPIDER (115_)","03/71","12/93","Standard","H4","Feu de croisement","feu_de_croisement","","","OSRAM CSV Guide"
272,"ALFA ROMEO","SPIDER (115_)","03/71","12/93","Standard","H4","Feu de route","feu_de_route","","","OSRAM CSV Guide"
273,"ALFA ROMEO","SPIDER (115_)","03/71","12/93","Standard","-","Feux antibrouillard","feu_antibrouillard","","","OSRAM CSV Guide"
274,"ALFA ROMEO","SPIDER (115_)","03/71","12/93","Standard","R5W","Feux de route supplémentaires","feu_route_supplementaire","","","OSRAM CSV Guide"
275,"ALFA ROMEO","SPIDER (115_)","03/71","12/93","Standard","P21W","Clignotant avant voiture","clignotant_avant","","","OSRAM CSV Guide"
276,"ALFA ROMEO","SPIDER (115_)","03/71","12/93","Standard","P21W","Clignotant arrière voiture","clignotant_arriere","","","OSRAM CSV Guide"
277,"ALFA ROMEO","SPIDER (115_)","03/71","12/93","Standard","P21","Feux de stop","feu_stop","","","OSRAM CSV Guide"
278,"ALFA ROMEO","SPIDER (115_)","03/71","12/93","Standard","C5W","Feux de plaque d'immatriculation","feu_plaque","","","OSRAM CSV Guide"
279,"ALFA ROMEO","SPIDER (115_)","03/71","12/93","Standard","-","Éclairage intérieur","eclairage_interieur","","","OSRAM CSV Guide"
280,"ALFA ROMEO","SPIDER (115_)","03/71","12/93","Standard","C5W","Feu de coffre","feu_coffre","","","OSRAM CSV Guide"
281,"ALFA ROMEO","SPIDER (916_)","09/94","04/05","Standard","HB3","Feu de croisement","feu_de_croisement","","","OSRAM CSV Guide"
282,"ALFA ROMEO","SPIDER (916_)","09/94","04/05","Standard","HB3","Feu de route","feu_de_route","","","OSRAM CSV Guide"
283,"ALFA ROMEO","SPIDER (916_)","09/94","04/05","Standard","-","Feux antibrouillard","feu_antibrouillard","","","OSRAM CSV Guide"
284,"ALFA ROMEO","SPIDER (916_)","09/94","04/05","Standard","W5W","Feux de route supplémentaires","feu_route_supplementaire","","","OSRAM CSV Guide"
285,"ALFA ROMEO","SPIDER (916_)","09/94","04/05","Standard","P21W","Clignotant avant voiture","clignotant_avant","","","OSRAM CSV Guide"
286,"ALFA ROMEO","SPIDER (916_)","09/94","04/05","Standard","P21W","Clignotant arrière voiture","clignotant_arriere","","","OSRAM CSV Guide"
287,"ALFA ROMEO","SPIDER (916_)","09/94","04/05","Standard","P21","Feux de stop","feu_stop","","","OSRAM CSV Guide"
288,"ALFA ROMEO","SPIDER (916_)","09/94","04/05","Standard","W5W","Feux de plaque d'immatriculation","feu_plaque","","","OSRAM CSV Guide"
289,"ALFA ROMEO","SPIDER (916_)","09/94","04/05","Standard","6411","Éclairage intérieur","eclairage_interieur","","","OSRAM CSV Guide"
290,"ALFA ROMEO","SPIDER (916_)","09/94","04/05","Standard","-","Feu de coffre","feu_coffre","","","OSRAM CSV Guide"
291,"ALFA ROMEO","SPIDER (939_)","03/06","06/10","Halogen","H7","Feu de croisement","feu_de_croisement","","","OSRAM CSV Guide"
292,"ALFA ROMEO","SPIDER (939_)","03/06","06/10","Halogen","H7","Feu de route","feu_de_route","","","OSRAM CSV Guide"
293,"ALFA ROMEO","SPIDER (939_)","03/06","06/10","Halogen","-","Feux antibrouillard","feu_antibrouillard","","","OSRAM CSV Guide"
294,"ALFA ROMEO","SPIDER (939_)","03/06","06/10","Halogen","W5W","Feux de route supplémentaires","feu_route_supplementaire","","","OSRAM CSV Guide"
295,"ALFA ROMEO","SPIDER (939_)","03/06","06/10","Halogen","PY21W","Clignotant avant voiture","clignotant_avant","","","OSRAM CSV Guide"
296,"ALFA ROMEO","SPIDER (939_)","03/06","06/10","Halogen","PY21W","Clignotant arrière voiture","clignotant_arriere","","","OSRAM CSV Guide"
297,"ALFA ROMEO","SPIDER (939_)","03/06","06/10","Halogen","P21","Feux de stop","feu_stop","","","OSRAM CSV Guide"
298,"ALFA ROMEO","SPIDER (939_)","03/06","06/10","Halogen","W5W","Feux de plaque d'immatriculation","feu_plaque","","","OSRAM CSV Guide"
299,"ALFA ROMEO","SPIDER (939_)","03/06","06/10","Halogen","6411","Éclairage intérieur","eclairage_interieur","","","OSRAM CSV Guide"
300,"ALFA ROMEO","SPIDER (939_)","03/06","06/10","Halogen","6411","Feu de coffre","feu_coffre","","","OSRAM CSV Guide"
301,"ALFA ROMEO","STELVIO (949_)","12/16","Present","Halogen","H7","Feu de croisement","feu_de_croisement","","","OSRAM CSV Guide"
302,"ALFA ROMEO","STELVIO (949_)","12/16","Present","Halogen","H15","Feu de route","feu_de_route","","","OSRAM CSV Guide"
303,"ALFA ROMEO","STELVIO (949_)","12/16","Present","Halogen","H15","Feux antibrouillard","feu_antibrouillard","","","OSRAM CSV Guide"
304,"ALFA ROMEO","STELVIO (949_)","12/16","Present","Halogen","H15","Feux de route supplémentaires","feu_route_supplementaire","","","OSRAM CSV Guide"
305,"ALFA ROMEO","STELVIO (949_)","12/16","Present","Halogen","**","Clignotant avant voiture","clignotant_avant","","","OSRAM CSV Guide"
306,"ALFA ROMEO","STELVIO (949_)","12/16","Present","Halogen","LED","Clignotant arrière voiture","clignotant_arriere","","","OSRAM CSV Guide"
307,"ALFA ROMEO","STELVIO (949_)","12/16","Present","Halogen","LED","Feux de stop","feu_stop","","","OSRAM CSV Guide"
308,"ALFA ROMEO","STELVIO (949_)","12/16","Present","Halogen","LED","Feux de plaque d'immatriculation","feu_plaque","","","OSRAM CSV Guide"
309,"ALFA ROMEO","STELVIO (949_)","12/16","Present","Halogen","**","Éclairage intérieur","eclairage_interieur","","","OSRAM CSV Guide"
310,"ALFA ROMEO","STELVIO (949_)","12/16","Present","Halogen","**","Feu de coffre","feu_coffre","","","OSRAM CSV Guide"
311,"ALPINA","B10 (E34)","04/88","04/95","Standard","H1","Feu de croisement","feu_de_croisement","","","OSRAM CSV Guide"
312,"ALPINA","B10 (E34)","04/88","04/95","Standard","H1","Feu de route","feu_de_route","","","OSRAM CSV Guide"
313,"ALPINA","B10 (E34)","04/88","04/95","Standard","-","Feux antibrouillard","feu_antibrouillard","","","OSRAM CSV Guide"
314,"ALPINA","B10 (E34)","04/88","04/95","Standard","W5W","Feux de route supplémentaires","feu_route_supplementaire","","","OSRAM CSV Guide"
315,"ALPINA","B10 (E34)","04/88","04/95","Standard","P21W","Clignotant avant voiture","clignotant_avant","","","OSRAM CSV Guide"
316,"ALPINA","B10 (E34)","04/88","04/95","Standard","P21W","Clignotant arrière voiture","clignotant_arriere","","","OSRAM CSV Guide"
317,"ALPINA","B10 (E34)","04/88","04/95","Standard","P21W","Feux de stop","feu_stop","","","OSRAM CSV Guide"
318,"ALPINA","B10 (E34)","04/88","04/95","Standard","C5W","Feux de plaque d'immatriculation","feu_plaque","","","OSRAM CSV Guide"
319,"ALPINA","B10 (E34)","04/88","04/95","Standard","**","Éclairage intérieur","eclairage_interieur","","","OSRAM CSV Guide"
320,"ALPINA","B10 (E34)","04/88","04/95","Standard","6411","Feu de coffre","feu_coffre","","","OSRAM CSV Guide"
321,"ALPINA","B10 (E39)","12/96","05/04","> 2000/08, Halogen","H7","Feu de croisement","feu_de_croisement","","","OSRAM CSV Guide"
322,"ALPINA","B10 (E39)","12/96","05/04","> 2000/08, Halogen","HB3","Feu de route","feu_de_route","","","OSRAM CSV Guide"
323,"ALPINA","B10 (E39)","12/96","05/04","> 2000/08, Halogen","-","Feux antibrouillard","feu_antibrouillard","","","OSRAM CSV Guide"
324,"ALPINA","B10 (E39)","12/96","05/04","> 2000/08, Halogen","W5W","Feux de route supplémentaires","feu_route_supplementaire","","","OSRAM CSV Guide"
325,"ALPINA","B10 (E39)","12/96","05/04","> 2000/08, Halogen","P21W","Clignotant avant voiture","clignotant_avant","","","OSRAM CSV Guide"
326,"ALPINA","B10 (E39)","12/96","05/04","> 2000/08, Halogen","P21W","Clignotant arrière voiture","clignotant_arriere","","","OSRAM CSV Guide"
327,"ALPINA","B10 (E39)","12/96","05/04","> 2000/08, Halogen","P21W","Feux de stop","feu_stop","","","OSRAM CSV Guide"
328,"ALPINA","B10 (E39)","12/96","05/04","> 2000/08, Halogen","C5W","Feux de plaque d'immatriculation","feu_plaque","","","OSRAM CSV Guide"
329,"ALPINA","B10 (E39)","12/96","05/04","> 2000/08, Halogen","6411","Éclairage intérieur","eclairage_interieur","","","OSRAM CSV Guide"
330,"ALPINA","B10 (E39)","12/96","05/04","> 2000/08, Halogen","6411","Feu de coffre","feu_coffre","","","OSRAM CSV Guide"
331,"ALPINA","B10 Touring (E34)","11/93","04/96","Standard","H1","Feu de croisement","feu_de_croisement","","","OSRAM CSV Guide"
332,"ALPINA","B10 Touring (E34)","11/93","04/96","Standard","H1","Feu de route","feu_de_route","","","OSRAM CSV Guide"
333,"ALPINA","B10 Touring (E34)","11/93","04/96","Standard","-","Feux antibrouillard","feu_antibrouillard","","","OSRAM CSV Guide"
334,"ALPINA","B10 Touring (E34)","11/93","04/96","Standard","W5W","Feux de route supplémentaires","feu_route_supplementaire","","","OSRAM CSV Guide"
335,"ALPINA","B10 Touring (E34)","11/93","04/96","Standard","P21W","Clignotant avant voiture","clignotant_avant","","","OSRAM CSV Guide"
336,"ALPINA","B10 Touring (E34)","11/93","04/96","Standard","P21W","Clignotant arrière voiture","clignotant_arriere","","","OSRAM CSV Guide"
337,"ALPINA","B10 Touring (E34)","11/93","04/96","Standard","P21W","Feux de stop","feu_stop","","","OSRAM CSV Guide"
338,"ALPINA","B10 Touring (E34)","11/93","04/96","Standard","C5W","Feux de plaque d'immatriculation","feu_plaque","","","OSRAM CSV Guide"
339,"ALPINA","B10 Touring (E34)","11/93","04/96","Standard","**","Éclairage intérieur","eclairage_interieur","","","OSRAM CSV Guide"
340,"ALPINA","B10 Touring (E34)","11/93","04/96","Standard","6411","Feu de coffre","feu_coffre","","","OSRAM CSV Guide"
341,"ALPINA","B10 Touring (E39)","01/97","05/04","> 2000/08, Halogen","H7","Feu de croisement","feu_de_croisement","","","OSRAM CSV Guide"
342,"ALPINA","B10 Touring (E39)","01/97","05/04","> 2000/08, Halogen","HB3","Feu de route","feu_de_route","","","OSRAM CSV Guide"
343,"ALPINA","B10 Touring (E39)","01/97","05/04","> 2000/08, Halogen","-","Feux antibrouillard","feu_antibrouillard","","","OSRAM CSV Guide"
344,"ALPINA","B10 Touring (E39)","01/97","05/04","> 2000/08, Halogen","W5W","Feux de route supplémentaires","feu_route_supplementaire","","","OSRAM CSV Guide"
345,"ALPINA","B10 Touring (E39)","01/97","05/04","> 2000/08, Halogen","P21W","Clignotant avant voiture","clignotant_avant","","","OSRAM CSV Guide"
346,"ALPINA","B10 Touring (E39)","01/97","05/04","> 2000/08, Halogen","P21W","Clignotant arrière voiture","clignotant_arriere","","","OSRAM CSV Guide"
347,"ALPINA","B10 Touring (E39)","01/97","05/04","> 2000/08, Halogen","P21W","Feux de stop","feu_stop","","","OSRAM CSV Guide"
348,"ALPINA","B10 Touring (E39)","01/97","05/04","> 2000/08, Halogen","C5W","Feux de plaque d'immatriculation","feu_plaque","","","OSRAM CSV Guide"
349,"ALPINA","B10 Touring (E39)","01/97","05/04","> 2000/08, Halogen","6411","Éclairage intérieur","eclairage_interieur","","","OSRAM CSV Guide"
350,"ALPINA","B10 Touring (E39)","01/97","05/04","> 2000/08, Halogen","6411","Feu de coffre","feu_coffre","","","OSRAM CSV Guide"
351,"ALPINA","B11 (E32)","01/87","02/94","Standard","H1","Feu de croisement","feu_de_croisement","","","OSRAM CSV Guide"
352,"ALPINA","B11 (E32)","01/87","02/94","Standard","H1","Feu de route","feu_de_route","","","OSRAM CSV Guide"
353,"ALPINA","B11 (E32)","01/87","02/94","Standard","-","Feux antibrouillard","feu_antibrouillard","","","OSRAM CSV Guide"
354,"ALPINA","B11 (E32)","01/87","02/94","Standard","W5W","Feux de route supplémentaires","feu_route_supplementaire","","","OSRAM CSV Guide"
355,"ALPINA","B11 (E32)","01/87","02/94","Standard","P21W","Clignotant avant voiture","clignotant_avant","","","OSRAM CSV Guide"
356,"ALPINA","B11 (E32)","01/87","02/94","Standard","P21W","Clignotant arrière voiture","clignotant_arriere","","","OSRAM CSV Guide"
357,"ALPINA","B11 (E32)","01/87","02/94","Standard","P21W","Feux de stop","feu_stop","","","OSRAM CSV Guide"
358,"ALPINA","B11 (E32)","01/87","02/94","Standard","C5W","Feux de plaque d'immatriculation","feu_plaque","","","OSRAM CSV Guide"
359,"ALPINA","B11 (E32)","01/87","02/94","Standard","6411/**","Éclairage intérieur","eclairage_interieur","","","OSRAM CSV Guide"
360,"ALPINA","B11 (E32)","01/87","02/94","Standard","6411","Feu de coffre","feu_coffre","","","OSRAM CSV Guide"
361,"ALPINA","B12 (E38)","12/95","07/01","> 1998/08, Halogen","H1","Feu de croisement","feu_de_croisement","","","OSRAM CSV Guide"
362,"ALPINA","B12 (E38)","12/95","07/01","> 1998/08, Halogen","H7","Feu de route","feu_de_route","","","OSRAM CSV Guide"
363,"ALPINA","B12 (E38)","12/95","07/01","> 1998/08, Halogen","-","Feux antibrouillard","feu_antibrouillard","","","OSRAM CSV Guide"
364,"ALPINA","B12 (E38)","12/95","07/01","> 1998/08, Halogen","W5W","Feux de route supplémentaires","feu_route_supplementaire","","","OSRAM CSV Guide"
365,"ALPINA","B12 (E38)","12/95","07/01","> 1998/08, Halogen","P21W","Clignotant avant voiture","clignotant_avant","","","OSRAM CSV Guide"
366,"ALPINA","B12 (E38)","12/95","07/01","> 1998/08, Halogen","P21W","Clignotant arrière voiture","clignotant_arriere","","","OSRAM CSV Guide"
367,"ALPINA","B12 (E38)","12/95","07/01","> 1998/08, Halogen","P21W","Feux de stop","feu_stop","","","OSRAM CSV Guide"
368,"ALPINA","B12 (E38)","12/95","07/01","> 1998/08, Halogen","C5W","Feux de plaque d'immatriculation","feu_plaque","","","OSRAM CSV Guide"
369,"ALPINA","B12 (E38)","12/95","07/01","> 1998/08, Halogen","6411/**","Éclairage intérieur","eclairage_interieur","","","OSRAM CSV Guide"
370,"ALPINA","B12 (E38)","12/95","07/01","> 1998/08, Halogen","6411","Feu de coffre","feu_coffre","","","OSRAM CSV Guide"
371,"ALPINA","B12 Coupe (E31)","06/90","12/96","Standard","H1","Feu de croisement","feu_de_croisement","","","OSRAM CSV Guide"
372,"ALPINA","B12 Coupe (E31)","06/90","12/96","Standard","H1","Feu de route","feu_de_route","","","OSRAM CSV Guide"
373,"ALPINA","B12 Coupe (E31)","06/90","12/96","Standard","-","Feux antibrouillard","feu_antibrouillard","","","OSRAM CSV Guide"
374,"ALPINA","B12 Coupe (E31)","06/90","12/96","Standard","W5W","Feux de route supplémentaires","feu_route_supplementaire","","","OSRAM CSV Guide"
375,"ALPINA","B12 Coupe (E31)","06/90","12/96","Standard","P21W","Clignotant avant voiture","clignotant_avant","","","OSRAM CSV Guide"
376,"ALPINA","B12 Coupe (E31)","06/90","12/96","Standard","P21W","Clignotant arrière voiture","clignotant_arriere","","","OSRAM CSV Guide"
377,"ALPINA","B12 Coupe (E31)","06/90","12/96","Standard","P21W","Feux de stop","feu_stop","","","OSRAM CSV Guide"
378,"ALPINA","B12 Coupe (E31)","06/90","12/96","Standard","C5W","Feux de plaque d'immatriculation","feu_plaque","","","OSRAM CSV Guide"
379,"ALPINA","B12 Coupe (E31)","06/90","12/96","Standard","6411","Éclairage intérieur","eclairage_interieur","","","OSRAM CSV Guide"
380,"ALPINA","B12 Coupe (E31)","06/90","12/96","Standard","6411","Feu de coffre","feu_coffre","","","OSRAM CSV Guide"
381,"ALPINA","B3 (E36)","04/93","05/99","> 1994/08","H1","Feu de croisement","feu_de_croisement","","","OSRAM CSV Guide"
382,"ALPINA","B3 (E36)","04/93","05/99","> 1994/08","H1","Feu de route","feu_de_route","","","OSRAM CSV Guide"
383,"ALPINA","B3 (E36)","04/93","05/99","> 1994/08","-","Feux antibrouillard","feu_antibrouillard","","","OSRAM CSV Guide"
384,"ALPINA","B3 (E36)","04/93","05/99","> 1994/08","W5W","Feux de route supplémentaires","feu_route_supplementaire","","","OSRAM CSV Guide"
385,"ALPINA","B3 (E36)","04/93","05/99","> 1994/08","PY21W","Clignotant avant voiture","clignotant_avant","","","OSRAM CSV Guide"
386,"ALPINA","B3 (E36)","04/93","05/99","> 1994/08","PY21W","Clignotant arrière voiture","clignotant_arriere","","","OSRAM CSV Guide"
387,"ALPINA","B3 (E36)","04/93","05/99","> 1994/08","P21W","Feux de stop","feu_stop","","","OSRAM CSV Guide"
388,"ALPINA","B3 (E36)","04/93","05/99","> 1994/08","C5W","Feux de plaque d'immatriculation","feu_plaque","","","OSRAM CSV Guide"
389,"ALPINA","B3 (E36)","04/93","05/99","> 1994/08","6411/**","Éclairage intérieur","eclairage_interieur","","","OSRAM CSV Guide"
390,"ALPINA","B3 (E36)","04/93","05/99","> 1994/08","6411","Feu de coffre","feu_coffre","","","OSRAM CSV Guide"